CRITICAL - 2025-06-03 12:53:10 --> CodeIgniter\HTTP\Exceptions\BadRequestException: The URI you submitted has disallowed characters: "coorpération_ucc.jpeg"
[Method: GET, Route: assets/img/actualites/coorp%C3%A9ration_ucc.jpeg]
in SYSTEMPATH\Router\Router.php on line 736.
 1 SYSTEMPATH\Router\Router.php(203): CodeIgniter\Router\Router->checkDisallowedChars('assets/img/actualites/coorpération_ucc.jpeg')
 2 SYSTEMPATH\CodeIgniter.php(834): CodeIgniter\Router\Router->handle('assets/img/actualites/coorpération_ucc.jpeg')
 3 SYSTEMPATH\CodeIgniter.php(457): CodeIgniter\CodeIgniter->tryToRouteIt(Object(CodeIgniter\Router\RouteCollection))
 4 SYSTEMPATH\CodeIgniter.php(355): CodeIgniter\CodeIgniter->handleRequest(null, Object(Config\Cache), false)
 5 SYSTEMPATH\Boot.php(312): CodeIgniter\CodeIgniter->run()
 6 SYSTEMPATH\Boot.php(67): CodeIgniter\Boot::runCodeIgniter(Object(CodeIgniter\CodeIgniter))
 7 FCPATH\index.php(56): CodeIgniter\Boot::bootWeb(Object(Config\Paths))
CRITICAL - 2025-06-03 12:53:40 --> CodeIgniter\HTTP\Exceptions\BadRequestException: The URI you submitted has disallowed characters: "coorpération_ucc.jpeg"
[Method: GET, Route: assets/img/actualites/coorp%C3%A9ration_ucc.jpeg]
in SYSTEMPATH\Router\Router.php on line 736.
 1 SYSTEMPATH\Router\Router.php(203): CodeIgniter\Router\Router->checkDisallowedChars('assets/img/actualites/coorpération_ucc.jpeg')
 2 SYSTEMPATH\CodeIgniter.php(834): CodeIgniter\Router\Router->handle('assets/img/actualites/coorpération_ucc.jpeg')
 3 SYSTEMPATH\CodeIgniter.php(457): CodeIgniter\CodeIgniter->tryToRouteIt(Object(CodeIgniter\Router\RouteCollection))
 4 SYSTEMPATH\CodeIgniter.php(355): CodeIgniter\CodeIgniter->handleRequest(null, Object(Config\Cache), false)
 5 SYSTEMPATH\Boot.php(312): CodeIgniter\CodeIgniter->run()
 6 SYSTEMPATH\Boot.php(67): CodeIgniter\Boot::runCodeIgniter(Object(CodeIgniter\CodeIgniter))
 7 FCPATH\index.php(56): CodeIgniter\Boot::bootWeb(Object(Config\Paths))
CRITICAL - 2025-06-03 13:27:26 --> ErrorException: Undefined variable $allNews
[Method: GET, Route: Dashboard]
in APPPATH\Controllers\dashboard.php on line 56.
 1 APPPATH\Controllers\dashboard.php(56): CodeIgniter\Debug\Exceptions->errorHandler(2, 'Undefined variable $allNews', 'C:\\xampp\\htdocs\\Asunicaco\\Backend\\app\\Controllers\\dashboard.php', 56)
 2 SYSTEMPATH\CodeIgniter.php(933): App\Controllers\Dashboard->actualites()
 3 SYSTEMPATH\CodeIgniter.php(509): CodeIgniter\CodeIgniter->runController(Object(App\Controllers\Dashboard))
 4 SYSTEMPATH\CodeIgniter.php(355): CodeIgniter\CodeIgniter->handleRequest(null, Object(Config\Cache), false)
 5 SYSTEMPATH\Boot.php(312): CodeIgniter\CodeIgniter->run()
 6 SYSTEMPATH\Boot.php(67): CodeIgniter\Boot::runCodeIgniter(Object(CodeIgniter\CodeIgniter))
 7 FCPATH\index.php(56): CodeIgniter\Boot::bootWeb(Object(Config\Paths))
CRITICAL - 2025-06-03 13:27:45 --> ParseError: syntax error, unexpected end of file, expecting "elseif" or "else" or "endif"
[Method: GET, Route: Dashboard]
in APPPATH\Views\the_admin\pages\actualites\liste.php on line 98.
 1 SYSTEMPATH\View\View.php(237): CodeIgniter\View\View->CodeIgniter\View\{closure}()
 2 SYSTEMPATH\Common.php(1171): CodeIgniter\View\View->render('the_admin/pages/actualites/liste', [], true)
 3 APPPATH\Views\the_user\layout.php(58): view('the_admin/pages/actualites/liste')
 4 SYSTEMPATH\View\View.php(234): include('C:\\xampp\\htdocs\\Asunicaco\\Backend\\app\\Views\\the_user\\layout.php')
 5 SYSTEMPATH\View\View.php(237): CodeIgniter\View\View->CodeIgniter\View\{closure}()
 6 SYSTEMPATH\Common.php(1171): CodeIgniter\View\View->render('the_user/layout', [], true)
 7 APPPATH\Controllers\dashboard.php(53): view('the_user/layout', [...])
 8 SYSTEMPATH\CodeIgniter.php(933): App\Controllers\Dashboard->actualites()
 9 SYSTEMPATH\CodeIgniter.php(509): CodeIgniter\CodeIgniter->runController(Object(App\Controllers\Dashboard))
10 SYSTEMPATH\CodeIgniter.php(355): CodeIgniter\CodeIgniter->handleRequest(null, Object(Config\Cache), false)
11 SYSTEMPATH\Boot.php(312): CodeIgniter\CodeIgniter->run()
12 SYSTEMPATH\Boot.php(67): CodeIgniter\Boot::runCodeIgniter(Object(CodeIgniter\CodeIgniter))
13 FCPATH\index.php(56): CodeIgniter\Boot::bootWeb(Object(Config\Paths))
CRITICAL - 2025-06-03 13:28:28 --> ErrorException: Undefined array key "universite"
[Method: GET, Route: Dashboard]
in APPPATH\Views\the_admin\pages\actualites\liste.php on line 54.
 1 APPPATH\Views\the_admin\pages\actualites\liste.php(54): CodeIgniter\Debug\Exceptions->errorHandler(2, 'Undefined array key "universite"', 'C:\\xampp\\htdocs\\Asunicaco\\Backend\\app\\Views\\the_admin\\pages\\actualites\\liste.php', 54)
 2 SYSTEMPATH\View\View.php(234): include('C:\\xampp\\htdocs\\Asunicaco\\Backend\\app\\Views\\the_admin\\pages\\actualites\\liste.php')
 3 SYSTEMPATH\View\View.php(237): CodeIgniter\View\View->CodeIgniter\View\{closure}()
 4 SYSTEMPATH\Common.php(1171): CodeIgniter\View\View->render('the_admin/pages/actualites/liste', [], true)
 5 APPPATH\Views\the_user\layout.php(58): view('the_admin/pages/actualites/liste')
 6 SYSTEMPATH\View\View.php(234): include('C:\\xampp\\htdocs\\Asunicaco\\Backend\\app\\Views\\the_user\\layout.php')
 7 SYSTEMPATH\View\View.php(237): CodeIgniter\View\View->CodeIgniter\View\{closure}()
 8 SYSTEMPATH\Common.php(1171): CodeIgniter\View\View->render('the_user/layout', [], true)
 9 APPPATH\Controllers\dashboard.php(53): view('the_user/layout', [...])
10 SYSTEMPATH\CodeIgniter.php(933): App\Controllers\Dashboard->actualites()
11 SYSTEMPATH\CodeIgniter.php(509): CodeIgniter\CodeIgniter->runController(Object(App\Controllers\Dashboard))
12 SYSTEMPATH\CodeIgniter.php(355): CodeIgniter\CodeIgniter->handleRequest(null, Object(Config\Cache), false)
13 SYSTEMPATH\Boot.php(312): CodeIgniter\CodeIgniter->run()
14 SYSTEMPATH\Boot.php(67): CodeIgniter\Boot::runCodeIgniter(Object(CodeIgniter\CodeIgniter))
15 FCPATH\index.php(56): CodeIgniter\Boot::bootWeb(Object(Config\Paths))
INFO - 2025-06-03 13:40:52 --> Session: Class initialized using 'CodeIgniter\Session\Handlers\FileHandler' driver.
CRITICAL - 2025-06-03 13:40:52 --> ErrorException: Undefined variable $university
[Method: GET, Route: Dashboard]
in APPPATH\Views\the_admin\pages\actualites\liste.php on line 93.
 1 APPPATH\Views\the_admin\pages\actualites\liste.php(93): CodeIgniter\Debug\Exceptions->errorHandler(2, 'Undefined variable $university', 'C:\\xampp\\htdocs\\Asunicaco\\Backend\\app\\Views\\the_admin\\pages\\actualites\\liste.php', 93)
 2 SYSTEMPATH\View\View.php(234): include('C:\\xampp\\htdocs\\Asunicaco\\Backend\\app\\Views\\the_admin\\pages\\actualites\\liste.php')
 3 SYSTEMPATH\View\View.php(237): CodeIgniter\View\View->CodeIgniter\View\{closure}()
 4 SYSTEMPATH\Common.php(1171): CodeIgniter\View\View->render('the_admin/pages/actualites/liste', [], true)
 5 APPPATH\Views\the_user\layout.php(58): view('the_admin/pages/actualites/liste')
 6 SYSTEMPATH\View\View.php(234): include('C:\\xampp\\htdocs\\Asunicaco\\Backend\\app\\Views\\the_user\\layout.php')
 7 SYSTEMPATH\View\View.php(237): CodeIgniter\View\View->CodeIgniter\View\{closure}()
 8 SYSTEMPATH\Common.php(1171): CodeIgniter\View\View->render('the_user/layout', [], true)
 9 APPPATH\Controllers\dashboard.php(53): view('the_user/layout', [...])
10 SYSTEMPATH\CodeIgniter.php(933): App\Controllers\Dashboard->actualites()
11 SYSTEMPATH\CodeIgniter.php(509): CodeIgniter\CodeIgniter->runController(Object(App\Controllers\Dashboard))
12 SYSTEMPATH\CodeIgniter.php(355): CodeIgniter\CodeIgniter->handleRequest(null, Object(Config\Cache), false)
13 SYSTEMPATH\Boot.php(312): CodeIgniter\CodeIgniter->run()
14 SYSTEMPATH\Boot.php(67): CodeIgniter\Boot::runCodeIgniter(Object(CodeIgniter\CodeIgniter))
15 FCPATH\index.php(56): CodeIgniter\Boot::bootWeb(Object(Config\Paths))
CRITICAL - 2025-06-03 13:41:29 --> ParseError: syntax error, unexpected token ")"
[Method: GET, Route: Dashboard]
in APPPATH\Controllers\dashboard.php on line 72.
 1 SYSTEMPATH\Autoloader\Autoloader.php(296): CodeIgniter\Autoloader\Autoloader->includeFile('C:\\xampp\\htdocs\\Asunicaco\\Backend\\app\\Controllers\\Dashboard.php')
 2 SYSTEMPATH\Autoloader\Autoloader.php(272): CodeIgniter\Autoloader\Autoloader->loadInNamespace('App\\Controllers\\Dashboard')
 3 [internal function]: CodeIgniter\Autoloader\Autoloader->loadClass('App\\Controllers\\Dashboard')
 4 SYSTEMPATH\CodeIgniter.php(887): class_exists('\\App\\Controllers\\Dashboard', true)
 5 SYSTEMPATH\CodeIgniter.php(496): CodeIgniter\CodeIgniter->startController()
 6 SYSTEMPATH\CodeIgniter.php(355): CodeIgniter\CodeIgniter->handleRequest(null, Object(Config\Cache), false)
 7 SYSTEMPATH\Boot.php(312): CodeIgniter\CodeIgniter->run()
 8 SYSTEMPATH\Boot.php(67): CodeIgniter\Boot::runCodeIgniter(Object(CodeIgniter\CodeIgniter))
 9 FCPATH\index.php(56): CodeIgniter\Boot::bootWeb(Object(Config\Paths))
CRITICAL - 2025-06-03 13:41:44 --> ParseError: syntax error, unexpected token ")"
[Method: GET, Route: Dashboard]
in APPPATH\Controllers\dashboard.php on line 72.
 1 SYSTEMPATH\Autoloader\Autoloader.php(296): CodeIgniter\Autoloader\Autoloader->includeFile('C:\\xampp\\htdocs\\Asunicaco\\Backend\\app\\Controllers\\Dashboard.php')
 2 SYSTEMPATH\Autoloader\Autoloader.php(272): CodeIgniter\Autoloader\Autoloader->loadInNamespace('App\\Controllers\\Dashboard')
 3 [internal function]: CodeIgniter\Autoloader\Autoloader->loadClass('App\\Controllers\\Dashboard')
 4 SYSTEMPATH\CodeIgniter.php(887): class_exists('\\App\\Controllers\\Dashboard', true)
 5 SYSTEMPATH\CodeIgniter.php(496): CodeIgniter\CodeIgniter->startController()
 6 SYSTEMPATH\CodeIgniter.php(355): CodeIgniter\CodeIgniter->handleRequest(null, Object(Config\Cache), false)
 7 SYSTEMPATH\Boot.php(312): CodeIgniter\CodeIgniter->run()
 8 SYSTEMPATH\Boot.php(67): CodeIgniter\Boot::runCodeIgniter(Object(CodeIgniter\CodeIgniter))
 9 FCPATH\index.php(56): CodeIgniter\Boot::bootWeb(Object(Config\Paths))
INFO - 2025-06-03 13:41:52 --> Session: Class initialized using 'CodeIgniter\Session\Handlers\FileHandler' driver.
CRITICAL - 2025-06-03 13:41:52 --> ErrorException: Undefined variable $university
[Method: GET, Route: Dashboard]
in APPPATH\Views\the_admin\pages\actualites\liste.php on line 93.
 1 APPPATH\Views\the_admin\pages\actualites\liste.php(93): CodeIgniter\Debug\Exceptions->errorHandler(2, 'Undefined variable $university', 'C:\\xampp\\htdocs\\Asunicaco\\Backend\\app\\Views\\the_admin\\pages\\actualites\\liste.php', 93)
 2 SYSTEMPATH\View\View.php(234): include('C:\\xampp\\htdocs\\Asunicaco\\Backend\\app\\Views\\the_admin\\pages\\actualites\\liste.php')
 3 SYSTEMPATH\View\View.php(237): CodeIgniter\View\View->CodeIgniter\View\{closure}()
 4 SYSTEMPATH\Common.php(1171): CodeIgniter\View\View->render('the_admin/pages/actualites/liste', [], true)
 5 APPPATH\Views\the_user\layout.php(58): view('the_admin/pages/actualites/liste')
 6 SYSTEMPATH\View\View.php(234): include('C:\\xampp\\htdocs\\Asunicaco\\Backend\\app\\Views\\the_user\\layout.php')
 7 SYSTEMPATH\View\View.php(237): CodeIgniter\View\View->CodeIgniter\View\{closure}()
 8 SYSTEMPATH\Common.php(1171): CodeIgniter\View\View->render('the_user/layout', [], true)
 9 APPPATH\Controllers\dashboard.php(54): view('the_user/layout', [...])
10 SYSTEMPATH\CodeIgniter.php(933): App\Controllers\Dashboard->actualites()
11 SYSTEMPATH\CodeIgniter.php(509): CodeIgniter\CodeIgniter->runController(Object(App\Controllers\Dashboard))
12 SYSTEMPATH\CodeIgniter.php(355): CodeIgniter\CodeIgniter->handleRequest(null, Object(Config\Cache), false)
13 SYSTEMPATH\Boot.php(312): CodeIgniter\CodeIgniter->run()
14 SYSTEMPATH\Boot.php(67): CodeIgniter\Boot::runCodeIgniter(Object(CodeIgniter\CodeIgniter))
15 FCPATH\index.php(56): CodeIgniter\Boot::bootWeb(Object(Config\Paths))
INFO - 2025-06-03 13:42:06 --> Session: Class initialized using 'CodeIgniter\Session\Handlers\FileHandler' driver.
CRITICAL - 2025-06-03 13:42:06 --> ErrorException: Undefined array key "university_id"
[Method: GET, Route: Dashboard]
in APPPATH\Views\the_admin\pages\actualites\liste.php on line 94.
 1 APPPATH\Views\the_admin\pages\actualites\liste.php(94): CodeIgniter\Debug\Exceptions->errorHandler(2, 'Undefined array key "university_id"', 'C:\\xampp\\htdocs\\Asunicaco\\Backend\\app\\Views\\the_admin\\pages\\actualites\\liste.php', 94)
 2 SYSTEMPATH\View\View.php(234): include('C:\\xampp\\htdocs\\Asunicaco\\Backend\\app\\Views\\the_admin\\pages\\actualites\\liste.php')
 3 SYSTEMPATH\View\View.php(237): CodeIgniter\View\View->CodeIgniter\View\{closure}()
 4 SYSTEMPATH\Common.php(1171): CodeIgniter\View\View->render('the_admin/pages/actualites/liste', [], true)
 5 APPPATH\Views\the_user\layout.php(58): view('the_admin/pages/actualites/liste')
 6 SYSTEMPATH\View\View.php(234): include('C:\\xampp\\htdocs\\Asunicaco\\Backend\\app\\Views\\the_user\\layout.php')
 7 SYSTEMPATH\View\View.php(237): CodeIgniter\View\View->CodeIgniter\View\{closure}()
 8 SYSTEMPATH\Common.php(1171): CodeIgniter\View\View->render('the_user/layout', [], true)
 9 APPPATH\Controllers\dashboard.php(54): view('the_user/layout', [...])
10 SYSTEMPATH\CodeIgniter.php(933): App\Controllers\Dashboard->actualites()
11 SYSTEMPATH\CodeIgniter.php(509): CodeIgniter\CodeIgniter->runController(Object(App\Controllers\Dashboard))
12 SYSTEMPATH\CodeIgniter.php(355): CodeIgniter\CodeIgniter->handleRequest(null, Object(Config\Cache), false)
13 SYSTEMPATH\Boot.php(312): CodeIgniter\CodeIgniter->run()
14 SYSTEMPATH\Boot.php(67): CodeIgniter\Boot::runCodeIgniter(Object(CodeIgniter\CodeIgniter))
15 FCPATH\index.php(56): CodeIgniter\Boot::bootWeb(Object(Config\Paths))
INFO - 2025-06-03 13:42:45 --> Session: Class initialized using 'CodeIgniter\Session\Handlers\FileHandler' driver.
INFO - 2025-06-03 13:47:33 --> Session: Class initialized using 'CodeIgniter\Session\Handlers\FileHandler' driver.
INFO - 2025-06-03 13:52:08 --> Session: Class initialized using 'CodeIgniter\Session\Handlers\FileHandler' driver.
CRITICAL - 2025-06-03 13:55:32 --> Error: Call to a member function isValid() on null
[Method: GET, Route: Dashboard/ajouter]
in APPPATH\Controllers\dashboard.php on line 67.
 1 SYSTEMPATH\CodeIgniter.php(933): App\Controllers\Dashboard->ajouter()
 2 SYSTEMPATH\CodeIgniter.php(509): CodeIgniter\CodeIgniter->runController(Object(App\Controllers\Dashboard))
 3 SYSTEMPATH\CodeIgniter.php(355): CodeIgniter\CodeIgniter->handleRequest(null, Object(Config\Cache), false)
 4 SYSTEMPATH\Boot.php(312): CodeIgniter\CodeIgniter->run()
 5 SYSTEMPATH\Boot.php(67): CodeIgniter\Boot::runCodeIgniter(Object(CodeIgniter\CodeIgniter))
 6 FCPATH\index.php(56): CodeIgniter\Boot::bootWeb(Object(Config\Paths))
INFO - 2025-06-03 13:55:46 --> Session: Class initialized using 'CodeIgniter\Session\Handlers\FileHandler' driver.
INFO - 2025-06-03 13:56:15 --> Session: Class initialized using 'CodeIgniter\Session\Handlers\FileHandler' driver.
INFO - 2025-06-03 13:58:09 --> Session: Class initialized using 'CodeIgniter\Session\Handlers\FileHandler' driver.
INFO - 2025-06-03 14:01:15 --> Session: Class initialized using 'CodeIgniter\Session\Handlers\FileHandler' driver.
INFO - 2025-06-03 14:02:40 --> Session: Class initialized using 'CodeIgniter\Session\Handlers\FileHandler' driver.
CRITICAL - 2025-06-03 14:05:50 --> Error: Call to a member function isValid() on null
[Method: GET, Route: dashboard/ajouter]
in APPPATH\Controllers\dashboard.php on line 67.
 1 SYSTEMPATH\CodeIgniter.php(933): App\Controllers\Dashboard->ajouter()
 2 SYSTEMPATH\CodeIgniter.php(509): CodeIgniter\CodeIgniter->runController(Object(App\Controllers\Dashboard))
 3 SYSTEMPATH\CodeIgniter.php(355): CodeIgniter\CodeIgniter->handleRequest(null, Object(Config\Cache), false)
 4 SYSTEMPATH\Boot.php(312): CodeIgniter\CodeIgniter->run()
 5 SYSTEMPATH\Boot.php(67): CodeIgniter\Boot::runCodeIgniter(Object(CodeIgniter\CodeIgniter))
 6 FCPATH\index.php(56): CodeIgniter\Boot::bootWeb(Object(Config\Paths))
INFO - 2025-06-03 14:09:17 --> Session: Class initialized using 'CodeIgniter\Session\Handlers\FileHandler' driver.
INFO - 2025-06-03 14:10:01 --> Session: Class initialized using 'CodeIgniter\Session\Handlers\FileHandler' driver.
CRITICAL - 2025-06-03 14:16:38 --> CodeIgniter\Database\Exceptions\DataException: Il n'y a pas de données pour faire un insert.
[Method: POST, Route: dashboard/ajouter]
in SYSTEMPATH\BaseModel.php on line 826.
 1 SYSTEMPATH\BaseModel.php(826): CodeIgniter\Database\Exceptions\DataException::forEmptyDataset('insert')
 2 SYSTEMPATH\Model.php(791): CodeIgniter\BaseModel->insert([], true)
 3 APPPATH\Controllers\DAO\News.php(73): CodeIgniter\Model->insert([...])
 4 APPPATH\Controllers\dashboard.php(80): App\Controllers\DAO\News::insert([...])
 5 SYSTEMPATH\CodeIgniter.php(933): App\Controllers\Dashboard->ajouter()
 6 SYSTEMPATH\CodeIgniter.php(509): CodeIgniter\CodeIgniter->runController(Object(App\Controllers\Dashboard))
 7 SYSTEMPATH\CodeIgniter.php(355): CodeIgniter\CodeIgniter->handleRequest(null, Object(Config\Cache), false)
 8 SYSTEMPATH\Boot.php(312): CodeIgniter\CodeIgniter->run()
 9 SYSTEMPATH\Boot.php(67): CodeIgniter\Boot::runCodeIgniter(Object(CodeIgniter\CodeIgniter))
10 FCPATH\index.php(56): CodeIgniter\Boot::bootWeb(Object(Config\Paths))
ERROR - 2025-06-03 14:17:30 --> mysqli_sql_exception: Column 'title' cannot be null in C:\xampp\htdocs\Asunicaco\Backend\system\Database\MySQLi\Connection.php:308
Stack trace:
#0 C:\xampp\htdocs\Asunicaco\Backend\system\Database\MySQLi\Connection.php(308): mysqli->query('INSERT INTO `ne...', 0)
#1 C:\xampp\htdocs\Asunicaco\Backend\system\Database\BaseConnection.php(722): CodeIgniter\Database\MySQLi\Connection->execute('INSERT INTO `ne...')
#2 C:\xampp\htdocs\Asunicaco\Backend\system\Database\BaseConnection.php(636): CodeIgniter\Database\BaseConnection->simpleQuery('INSERT INTO `ne...')
#3 C:\xampp\htdocs\Asunicaco\Backend\system\Database\BaseBuilder.php(2325): CodeIgniter\Database\BaseConnection->query('INSERT INTO `ne...', Array, false)
#4 C:\xampp\htdocs\Asunicaco\Backend\system\Model.php(383): CodeIgniter\Database\BaseBuilder->insert()
#5 C:\xampp\htdocs\Asunicaco\Backend\system\BaseModel.php(840): CodeIgniter\Model->doInsert(Array)
#6 C:\xampp\htdocs\Asunicaco\Backend\system\Model.php(791): CodeIgniter\BaseModel->insert(Array, true)
#7 C:\xampp\htdocs\Asunicaco\Backend\app\Controllers\DAO\News.php(73): CodeIgniter\Model->insert(Array)
#8 C:\xampp\htdocs\Asunicaco\Backend\app\Controllers\dashboard.php(79): App\Controllers\DAO\News::insert(Array)
#9 C:\xampp\htdocs\Asunicaco\Backend\system\CodeIgniter.php(933): App\Controllers\Dashboard->ajouter()
#10 C:\xampp\htdocs\Asunicaco\Backend\system\CodeIgniter.php(509): CodeIgniter\CodeIgniter->runController(Object(App\Controllers\Dashboard))
#11 C:\xampp\htdocs\Asunicaco\Backend\system\CodeIgniter.php(355): CodeIgniter\CodeIgniter->handleRequest(NULL, Object(Config\Cache), false)
#12 C:\xampp\htdocs\Asunicaco\Backend\system\Boot.php(312): CodeIgniter\CodeIgniter->run()
#13 C:\xampp\htdocs\Asunicaco\Backend\system\Boot.php(67): CodeIgniter\Boot::runCodeIgniter(Object(CodeIgniter\CodeIgniter))
#14 C:\xampp\htdocs\Asunicaco\public\index.php(56): CodeIgniter\Boot::bootWeb(Object(Config\Paths))
#15 {main}
CRITICAL - 2025-06-03 14:17:30 --> CodeIgniter\Database\Exceptions\DatabaseException: Column 'title' cannot be null
[Method: POST, Route: dashboard/ajouter]
in SYSTEMPATH\Database\BaseConnection.php on line 676.
 1 SYSTEMPATH\Database\BaseBuilder.php(2325): CodeIgniter\Database\BaseConnection->query('INSERT INTO `news` (`title`, `content`, `date_added`, `date_updated`) VALUES (:title:, :content:, :date_added:, :date_updated:)', [...], false)
 2 SYSTEMPATH\Model.php(383): CodeIgniter\Database\BaseBuilder->insert()
 3 SYSTEMPATH\BaseModel.php(840): CodeIgniter\Model->doInsert([...])
 4 SYSTEMPATH\Model.php(791): CodeIgniter\BaseModel->insert([...], true)
 5 APPPATH\Controllers\DAO\News.php(73): CodeIgniter\Model->insert([...])
 6 APPPATH\Controllers\dashboard.php(79): App\Controllers\DAO\News::insert([...])
 7 SYSTEMPATH\CodeIgniter.php(933): App\Controllers\Dashboard->ajouter()
 8 SYSTEMPATH\CodeIgniter.php(509): CodeIgniter\CodeIgniter->runController(Object(App\Controllers\Dashboard))
 9 SYSTEMPATH\CodeIgniter.php(355): CodeIgniter\CodeIgniter->handleRequest(null, Object(Config\Cache), false)
10 SYSTEMPATH\Boot.php(312): CodeIgniter\CodeIgniter->run()
11 SYSTEMPATH\Boot.php(67): CodeIgniter\Boot::runCodeIgniter(Object(CodeIgniter\CodeIgniter))
12 FCPATH\index.php(56): CodeIgniter\Boot::bootWeb(Object(Config\Paths))
CRITICAL - 2025-06-03 14:17:30 --> [Caused by] CodeIgniter\Database\Exceptions\DatabaseException: Column 'title' cannot be null
in SYSTEMPATH\Database\MySQLi\Connection.php on line 313.
 1 SYSTEMPATH\Database\BaseConnection.php(722): CodeIgniter\Database\MySQLi\Connection->execute('INSERT INTO `news` (`title`, `content`, `date_added`, `date_updated`) VALUES (NULL, \'<p>Ce samedi 31 mai 2025, la Facult&eacute; des sciences de l&rsquo;homme et de la soci&eacute;t&eacute; de l&rsquo;Universit&eacute; Don Bosco de Lubumbashi a accueilli la 2ᵉ &eacute;dition des Journ&eacute;es scientifiques sur le th&egrave;me : &laquo; Justice, Paix et Droits : Promouvoir la culture de la paix en RDC &raquo;. Un sujet profond&eacute;ment actuel, choisi pour &eacute;voquer les enjeux d&rsquo;une soci&eacute;t&eacute; congolaise en qu&ecirc;te de paix, de justice et de stabilit&eacute;, mais aussi pour r&eacute;v&eacute;ler l&rsquo;espoir d&rsquo;un peuple tourn&eacute; vers une identit&eacute; commune et un avenir harmonieux. Une journ&eacute;e marqu&eacute;e par des interventions de haut niveau : Des professeurs d&rsquo;universit&eacute;, religieux, chercheurs et &eacute;tudiants se sont r&eacute;unis autour de r&eacute;flexions cl&eacute;s : &laquo; L&rsquo;aspiration &agrave; la paix : fondement anthropologique &raquo; par le P&egrave;re David Mubenga; &laquo; L&rsquo;&eacute;conomie au service de la paix : promouvoir une prosp&eacute;rit&eacute; partag&eacute;e &raquo; par le Prof. F&eacute;lix Kalaba; &laquo; Droits de l&rsquo;homme et justice : leviers de paix en RDC &raquo; par Me. Marla Katapala. Des &eacute;changes nourris ont pr&eacute;c&eacute;d&eacute; un second panel : &laquo; L&rsquo;&eacute;cologie int&eacute;grale au service de la paix durable &raquo; par le P&egrave;re Dieudonn&eacute; Besa; &laquo; La p&eacute;dagogie sal&eacute;sienne : Bons chr&eacute;tiens et honn&ecirc;tes citoyens &raquo; par le P&egrave;re Dieudonn&eacute; Makola; &laquo; L&rsquo;&eacute;ducation &agrave; la paix pour une cohabitation pacifique &raquo; par le P&egrave;re Pierre Maibwe. Enfin, deux conf&eacute;rences de cl&ocirc;ture d\\\'une grande richesse : &laquo; Le r&ocirc;le de l&rsquo;&Eacute;glise dans l&rsquo;&eacute;dification de la paix &raquo; par l\\\'Abb&eacute; Bertin Mpemba &laquo; Quelle diplomatie pour la paix en RDC ? &raquo; du Prof. F&eacute;licien Mulamba. Le mot de cl&ocirc;ture du P&egrave;re Trufon Kilimira, vicaire provincial des Sal&eacute;siens de Don Bosco, a soulign&eacute; la pertinence des &eacute;changes et la profondeur des analyses propos&eacute;es.</p>\', \'2025-06-03 14:17:30\', \'2025-06-03 14:17:30\')')
 2 SYSTEMPATH\Database\BaseConnection.php(636): CodeIgniter\Database\BaseConnection->simpleQuery('INSERT INTO `news` (`title`, `content`, `date_added`, `date_updated`) VALUES (NULL, \'<p>Ce samedi 31 mai 2025, la Facult&eacute; des sciences de l&rsquo;homme et de la soci&eacute;t&eacute; de l&rsquo;Universit&eacute; Don Bosco de Lubumbashi a accueilli la 2ᵉ &eacute;dition des Journ&eacute;es scientifiques sur le th&egrave;me : &laquo; Justice, Paix et Droits : Promouvoir la culture de la paix en RDC &raquo;. Un sujet profond&eacute;ment actuel, choisi pour &eacute;voquer les enjeux d&rsquo;une soci&eacute;t&eacute; congolaise en qu&ecirc;te de paix, de justice et de stabilit&eacute;, mais aussi pour r&eacute;v&eacute;ler l&rsquo;espoir d&rsquo;un peuple tourn&eacute; vers une identit&eacute; commune et un avenir harmonieux. Une journ&eacute;e marqu&eacute;e par des interventions de haut niveau : Des professeurs d&rsquo;universit&eacute;, religieux, chercheurs et &eacute;tudiants se sont r&eacute;unis autour de r&eacute;flexions cl&eacute;s : &laquo; L&rsquo;aspiration &agrave; la paix : fondement anthropologique &raquo; par le P&egrave;re David Mubenga; &laquo; L&rsquo;&eacute;conomie au service de la paix : promouvoir une prosp&eacute;rit&eacute; partag&eacute;e &raquo; par le Prof. F&eacute;lix Kalaba; &laquo; Droits de l&rsquo;homme et justice : leviers de paix en RDC &raquo; par Me. Marla Katapala. Des &eacute;changes nourris ont pr&eacute;c&eacute;d&eacute; un second panel : &laquo; L&rsquo;&eacute;cologie int&eacute;grale au service de la paix durable &raquo; par le P&egrave;re Dieudonn&eacute; Besa; &laquo; La p&eacute;dagogie sal&eacute;sienne : Bons chr&eacute;tiens et honn&ecirc;tes citoyens &raquo; par le P&egrave;re Dieudonn&eacute; Makola; &laquo; L&rsquo;&eacute;ducation &agrave; la paix pour une cohabitation pacifique &raquo; par le P&egrave;re Pierre Maibwe. Enfin, deux conf&eacute;rences de cl&ocirc;ture d\\\'une grande richesse : &laquo; Le r&ocirc;le de l&rsquo;&Eacute;glise dans l&rsquo;&eacute;dification de la paix &raquo; par l\\\'Abb&eacute; Bertin Mpemba &laquo; Quelle diplomatie pour la paix en RDC ? &raquo; du Prof. F&eacute;licien Mulamba. Le mot de cl&ocirc;ture du P&egrave;re Trufon Kilimira, vicaire provincial des Sal&eacute;siens de Don Bosco, a soulign&eacute; la pertinence des &eacute;changes et la profondeur des analyses propos&eacute;es.</p>\', \'2025-06-03 14:17:30\', \'2025-06-03 14:17:30\')')
 3 SYSTEMPATH\Database\BaseBuilder.php(2325): CodeIgniter\Database\BaseConnection->query('INSERT INTO `news` (`title`, `content`, `date_added`, `date_updated`) VALUES (:title:, :content:, :date_added:, :date_updated:)', [...], false)
 4 SYSTEMPATH\Model.php(383): CodeIgniter\Database\BaseBuilder->insert()
 5 SYSTEMPATH\BaseModel.php(840): CodeIgniter\Model->doInsert([...])
 6 SYSTEMPATH\Model.php(791): CodeIgniter\BaseModel->insert([...], true)
 7 APPPATH\Controllers\DAO\News.php(73): CodeIgniter\Model->insert([...])
 8 APPPATH\Controllers\dashboard.php(79): App\Controllers\DAO\News::insert([...])
 9 SYSTEMPATH\CodeIgniter.php(933): App\Controllers\Dashboard->ajouter()
10 SYSTEMPATH\CodeIgniter.php(509): CodeIgniter\CodeIgniter->runController(Object(App\Controllers\Dashboard))
11 SYSTEMPATH\CodeIgniter.php(355): CodeIgniter\CodeIgniter->handleRequest(null, Object(Config\Cache), false)
12 SYSTEMPATH\Boot.php(312): CodeIgniter\CodeIgniter->run()
13 SYSTEMPATH\Boot.php(67): CodeIgniter\Boot::runCodeIgniter(Object(CodeIgniter\CodeIgniter))
14 FCPATH\index.php(56): CodeIgniter\Boot::bootWeb(Object(Config\Paths))
CRITICAL - 2025-06-03 14:17:30 --> [Caused by] mysqli_sql_exception: Column 'title' cannot be null
in SYSTEMPATH\Database\MySQLi\Connection.php on line 308.
 1 SYSTEMPATH\Database\MySQLi\Connection.php(308): mysqli->query('INSERT INTO `news` (`title`, `content`, `date_added`, `date_updated`) VALUES (NULL, \'<p>Ce samedi 31 mai 2025, la Facult&eacute; des sciences de l&rsquo;homme et de la soci&eacute;t&eacute; de l&rsquo;Universit&eacute; Don Bosco de Lubumbashi a accueilli la 2ᵉ &eacute;dition des Journ&eacute;es scientifiques sur le th&egrave;me : &laquo; Justice, Paix et Droits : Promouvoir la culture de la paix en RDC &raquo;. Un sujet profond&eacute;ment actuel, choisi pour &eacute;voquer les enjeux d&rsquo;une soci&eacute;t&eacute; congolaise en qu&ecirc;te de paix, de justice et de stabilit&eacute;, mais aussi pour r&eacute;v&eacute;ler l&rsquo;espoir d&rsquo;un peuple tourn&eacute; vers une identit&eacute; commune et un avenir harmonieux. Une journ&eacute;e marqu&eacute;e par des interventions de haut niveau : Des professeurs d&rsquo;universit&eacute;, religieux, chercheurs et &eacute;tudiants se sont r&eacute;unis autour de r&eacute;flexions cl&eacute;s : &laquo; L&rsquo;aspiration &agrave; la paix : fondement anthropologique &raquo; par le P&egrave;re David Mubenga; &laquo; L&rsquo;&eacute;conomie au service de la paix : promouvoir une prosp&eacute;rit&eacute; partag&eacute;e &raquo; par le Prof. F&eacute;lix Kalaba; &laquo; Droits de l&rsquo;homme et justice : leviers de paix en RDC &raquo; par Me. Marla Katapala. Des &eacute;changes nourris ont pr&eacute;c&eacute;d&eacute; un second panel : &laquo; L&rsquo;&eacute;cologie int&eacute;grale au service de la paix durable &raquo; par le P&egrave;re Dieudonn&eacute; Besa; &laquo; La p&eacute;dagogie sal&eacute;sienne : Bons chr&eacute;tiens et honn&ecirc;tes citoyens &raquo; par le P&egrave;re Dieudonn&eacute; Makola; &laquo; L&rsquo;&eacute;ducation &agrave; la paix pour une cohabitation pacifique &raquo; par le P&egrave;re Pierre Maibwe. Enfin, deux conf&eacute;rences de cl&ocirc;ture d\\\'une grande richesse : &laquo; Le r&ocirc;le de l&rsquo;&Eacute;glise dans l&rsquo;&eacute;dification de la paix &raquo; par l\\\'Abb&eacute; Bertin Mpemba &laquo; Quelle diplomatie pour la paix en RDC ? &raquo; du Prof. F&eacute;licien Mulamba. Le mot de cl&ocirc;ture du P&egrave;re Trufon Kilimira, vicaire provincial des Sal&eacute;siens de Don Bosco, a soulign&eacute; la pertinence des &eacute;changes et la profondeur des analyses propos&eacute;es.</p>\', \'2025-06-03 14:17:30\', \'2025-06-03 14:17:30\')', 0)
 2 SYSTEMPATH\Database\BaseConnection.php(722): CodeIgniter\Database\MySQLi\Connection->execute('INSERT INTO `news` (`title`, `content`, `date_added`, `date_updated`) VALUES (NULL, \'<p>Ce samedi 31 mai 2025, la Facult&eacute; des sciences de l&rsquo;homme et de la soci&eacute;t&eacute; de l&rsquo;Universit&eacute; Don Bosco de Lubumbashi a accueilli la 2ᵉ &eacute;dition des Journ&eacute;es scientifiques sur le th&egrave;me : &laquo; Justice, Paix et Droits : Promouvoir la culture de la paix en RDC &raquo;. Un sujet profond&eacute;ment actuel, choisi pour &eacute;voquer les enjeux d&rsquo;une soci&eacute;t&eacute; congolaise en qu&ecirc;te de paix, de justice et de stabilit&eacute;, mais aussi pour r&eacute;v&eacute;ler l&rsquo;espoir d&rsquo;un peuple tourn&eacute; vers une identit&eacute; commune et un avenir harmonieux. Une journ&eacute;e marqu&eacute;e par des interventions de haut niveau : Des professeurs d&rsquo;universit&eacute;, religieux, chercheurs et &eacute;tudiants se sont r&eacute;unis autour de r&eacute;flexions cl&eacute;s : &laquo; L&rsquo;aspiration &agrave; la paix : fondement anthropologique &raquo; par le P&egrave;re David Mubenga; &laquo; L&rsquo;&eacute;conomie au service de la paix : promouvoir une prosp&eacute;rit&eacute; partag&eacute;e &raquo; par le Prof. F&eacute;lix Kalaba; &laquo; Droits de l&rsquo;homme et justice : leviers de paix en RDC &raquo; par Me. Marla Katapala. Des &eacute;changes nourris ont pr&eacute;c&eacute;d&eacute; un second panel : &laquo; L&rsquo;&eacute;cologie int&eacute;grale au service de la paix durable &raquo; par le P&egrave;re Dieudonn&eacute; Besa; &laquo; La p&eacute;dagogie sal&eacute;sienne : Bons chr&eacute;tiens et honn&ecirc;tes citoyens &raquo; par le P&egrave;re Dieudonn&eacute; Makola; &laquo; L&rsquo;&eacute;ducation &agrave; la paix pour une cohabitation pacifique &raquo; par le P&egrave;re Pierre Maibwe. Enfin, deux conf&eacute;rences de cl&ocirc;ture d\\\'une grande richesse : &laquo; Le r&ocirc;le de l&rsquo;&Eacute;glise dans l&rsquo;&eacute;dification de la paix &raquo; par l\\\'Abb&eacute; Bertin Mpemba &laquo; Quelle diplomatie pour la paix en RDC ? &raquo; du Prof. F&eacute;licien Mulamba. Le mot de cl&ocirc;ture du P&egrave;re Trufon Kilimira, vicaire provincial des Sal&eacute;siens de Don Bosco, a soulign&eacute; la pertinence des &eacute;changes et la profondeur des analyses propos&eacute;es.</p>\', \'2025-06-03 14:17:30\', \'2025-06-03 14:17:30\')')
 3 SYSTEMPATH\Database\BaseConnection.php(636): CodeIgniter\Database\BaseConnection->simpleQuery('INSERT INTO `news` (`title`, `content`, `date_added`, `date_updated`) VALUES (NULL, \'<p>Ce samedi 31 mai 2025, la Facult&eacute; des sciences de l&rsquo;homme et de la soci&eacute;t&eacute; de l&rsquo;Universit&eacute; Don Bosco de Lubumbashi a accueilli la 2ᵉ &eacute;dition des Journ&eacute;es scientifiques sur le th&egrave;me : &laquo; Justice, Paix et Droits : Promouvoir la culture de la paix en RDC &raquo;. Un sujet profond&eacute;ment actuel, choisi pour &eacute;voquer les enjeux d&rsquo;une soci&eacute;t&eacute; congolaise en qu&ecirc;te de paix, de justice et de stabilit&eacute;, mais aussi pour r&eacute;v&eacute;ler l&rsquo;espoir d&rsquo;un peuple tourn&eacute; vers une identit&eacute; commune et un avenir harmonieux. Une journ&eacute;e marqu&eacute;e par des interventions de haut niveau : Des professeurs d&rsquo;universit&eacute;, religieux, chercheurs et &eacute;tudiants se sont r&eacute;unis autour de r&eacute;flexions cl&eacute;s : &laquo; L&rsquo;aspiration &agrave; la paix : fondement anthropologique &raquo; par le P&egrave;re David Mubenga; &laquo; L&rsquo;&eacute;conomie au service de la paix : promouvoir une prosp&eacute;rit&eacute; partag&eacute;e &raquo; par le Prof. F&eacute;lix Kalaba; &laquo; Droits de l&rsquo;homme et justice : leviers de paix en RDC &raquo; par Me. Marla Katapala. Des &eacute;changes nourris ont pr&eacute;c&eacute;d&eacute; un second panel : &laquo; L&rsquo;&eacute;cologie int&eacute;grale au service de la paix durable &raquo; par le P&egrave;re Dieudonn&eacute; Besa; &laquo; La p&eacute;dagogie sal&eacute;sienne : Bons chr&eacute;tiens et honn&ecirc;tes citoyens &raquo; par le P&egrave;re Dieudonn&eacute; Makola; &laquo; L&rsquo;&eacute;ducation &agrave; la paix pour une cohabitation pacifique &raquo; par le P&egrave;re Pierre Maibwe. Enfin, deux conf&eacute;rences de cl&ocirc;ture d\\\'une grande richesse : &laquo; Le r&ocirc;le de l&rsquo;&Eacute;glise dans l&rsquo;&eacute;dification de la paix &raquo; par l\\\'Abb&eacute; Bertin Mpemba &laquo; Quelle diplomatie pour la paix en RDC ? &raquo; du Prof. F&eacute;licien Mulamba. Le mot de cl&ocirc;ture du P&egrave;re Trufon Kilimira, vicaire provincial des Sal&eacute;siens de Don Bosco, a soulign&eacute; la pertinence des &eacute;changes et la profondeur des analyses propos&eacute;es.</p>\', \'2025-06-03 14:17:30\', \'2025-06-03 14:17:30\')')
 4 SYSTEMPATH\Database\BaseBuilder.php(2325): CodeIgniter\Database\BaseConnection->query('INSERT INTO `news` (`title`, `content`, `date_added`, `date_updated`) VALUES (:title:, :content:, :date_added:, :date_updated:)', [...], false)
 5 SYSTEMPATH\Model.php(383): CodeIgniter\Database\BaseBuilder->insert()
 6 SYSTEMPATH\BaseModel.php(840): CodeIgniter\Model->doInsert([...])
 7 SYSTEMPATH\Model.php(791): CodeIgniter\BaseModel->insert([...], true)
 8 APPPATH\Controllers\DAO\News.php(73): CodeIgniter\Model->insert([...])
 9 APPPATH\Controllers\dashboard.php(79): App\Controllers\DAO\News::insert([...])
10 SYSTEMPATH\CodeIgniter.php(933): App\Controllers\Dashboard->ajouter()
11 SYSTEMPATH\CodeIgniter.php(509): CodeIgniter\CodeIgniter->runController(Object(App\Controllers\Dashboard))
12 SYSTEMPATH\CodeIgniter.php(355): CodeIgniter\CodeIgniter->handleRequest(null, Object(Config\Cache), false)
13 SYSTEMPATH\Boot.php(312): CodeIgniter\CodeIgniter->run()
14 SYSTEMPATH\Boot.php(67): CodeIgniter\Boot::runCodeIgniter(Object(CodeIgniter\CodeIgniter))
15 FCPATH\index.php(56): CodeIgniter\Boot::bootWeb(Object(Config\Paths))
INFO - 2025-06-03 14:17:47 --> Session: Class initialized using 'CodeIgniter\Session\Handlers\FileHandler' driver.
ERROR - 2025-06-03 14:19:31 --> mysqli_sql_exception: Column 'title' cannot be null in C:\xampp\htdocs\Asunicaco\Backend\system\Database\MySQLi\Connection.php:308
Stack trace:
#0 C:\xampp\htdocs\Asunicaco\Backend\system\Database\MySQLi\Connection.php(308): mysqli->query('INSERT INTO `ne...', 0)
#1 C:\xampp\htdocs\Asunicaco\Backend\system\Database\BaseConnection.php(722): CodeIgniter\Database\MySQLi\Connection->execute('INSERT INTO `ne...')
#2 C:\xampp\htdocs\Asunicaco\Backend\system\Database\BaseConnection.php(636): CodeIgniter\Database\BaseConnection->simpleQuery('INSERT INTO `ne...')
#3 C:\xampp\htdocs\Asunicaco\Backend\system\Database\BaseBuilder.php(2325): CodeIgniter\Database\BaseConnection->query('INSERT INTO `ne...', Array, false)
#4 C:\xampp\htdocs\Asunicaco\Backend\system\Model.php(383): CodeIgniter\Database\BaseBuilder->insert()
#5 C:\xampp\htdocs\Asunicaco\Backend\system\BaseModel.php(840): CodeIgniter\Model->doInsert(Array)
#6 C:\xampp\htdocs\Asunicaco\Backend\system\Model.php(791): CodeIgniter\BaseModel->insert(Array, true)
#7 C:\xampp\htdocs\Asunicaco\Backend\app\Controllers\DAO\News.php(73): CodeIgniter\Model->insert(Array)
#8 C:\xampp\htdocs\Asunicaco\Backend\app\Controllers\dashboard.php(79): App\Controllers\DAO\News::insert(Array)
#9 C:\xampp\htdocs\Asunicaco\Backend\system\CodeIgniter.php(933): App\Controllers\Dashboard->ajouter()
#10 C:\xampp\htdocs\Asunicaco\Backend\system\CodeIgniter.php(509): CodeIgniter\CodeIgniter->runController(Object(App\Controllers\Dashboard))
#11 C:\xampp\htdocs\Asunicaco\Backend\system\CodeIgniter.php(355): CodeIgniter\CodeIgniter->handleRequest(NULL, Object(Config\Cache), false)
#12 C:\xampp\htdocs\Asunicaco\Backend\system\Boot.php(312): CodeIgniter\CodeIgniter->run()
#13 C:\xampp\htdocs\Asunicaco\Backend\system\Boot.php(67): CodeIgniter\Boot::runCodeIgniter(Object(CodeIgniter\CodeIgniter))
#14 C:\xampp\htdocs\Asunicaco\public\index.php(56): CodeIgniter\Boot::bootWeb(Object(Config\Paths))
#15 {main}
CRITICAL - 2025-06-03 14:19:31 --> CodeIgniter\Database\Exceptions\DatabaseException: Column 'title' cannot be null
[Method: POST, Route: dashboard/ajouter]
in SYSTEMPATH\Database\BaseConnection.php on line 676.
 1 SYSTEMPATH\Database\BaseBuilder.php(2325): CodeIgniter\Database\BaseConnection->query('INSERT INTO `news` (`title`, `content`, `date_added`, `date_updated`) VALUES (:title:, :content:, :date_added:, :date_updated:)', [...], false)
 2 SYSTEMPATH\Model.php(383): CodeIgniter\Database\BaseBuilder->insert()
 3 SYSTEMPATH\BaseModel.php(840): CodeIgniter\Model->doInsert([...])
 4 SYSTEMPATH\Model.php(791): CodeIgniter\BaseModel->insert([...], true)
 5 APPPATH\Controllers\DAO\News.php(73): CodeIgniter\Model->insert([...])
 6 APPPATH\Controllers\dashboard.php(79): App\Controllers\DAO\News::insert([...])
 7 SYSTEMPATH\CodeIgniter.php(933): App\Controllers\Dashboard->ajouter()
 8 SYSTEMPATH\CodeIgniter.php(509): CodeIgniter\CodeIgniter->runController(Object(App\Controllers\Dashboard))
 9 SYSTEMPATH\CodeIgniter.php(355): CodeIgniter\CodeIgniter->handleRequest(null, Object(Config\Cache), false)
10 SYSTEMPATH\Boot.php(312): CodeIgniter\CodeIgniter->run()
11 SYSTEMPATH\Boot.php(67): CodeIgniter\Boot::runCodeIgniter(Object(CodeIgniter\CodeIgniter))
12 FCPATH\index.php(56): CodeIgniter\Boot::bootWeb(Object(Config\Paths))
CRITICAL - 2025-06-03 14:19:31 --> [Caused by] CodeIgniter\Database\Exceptions\DatabaseException: Column 'title' cannot be null
in SYSTEMPATH\Database\MySQLi\Connection.php on line 313.
 1 SYSTEMPATH\Database\BaseConnection.php(722): CodeIgniter\Database\MySQLi\Connection->execute('INSERT INTO `news` (`title`, `content`, `date_added`, `date_updated`) VALUES (NULL, \'<p><strong>Ce samedi 31 mai 2025, la Facult&eacute; des sciences de l&rsquo;homme et de la soci&eacute;t&eacute; de l&rsquo;Universit&eacute; Don Bosco de Lubumbashi a accueilli la 2ᵉ &eacute;dition des Journ&eacute;es scientifiques sur le th&egrave;me : &laquo; Justice, Paix et Droits : Promouvoir la culture de la paix en RDC &raquo;</strong>.&nbsp;</p>\\r\\n<p>&nbsp;</p>\\r\\n<p>Un sujet profond&eacute;ment actuel, choisi pour &eacute;voquer les enjeux d&rsquo;une soci&eacute;t&eacute; congolaise en qu&ecirc;te de paix, de justice et de stabilit&eacute;, mais aussi pour r&eacute;v&eacute;ler l&rsquo;espoir d&rsquo;un peuple tourn&eacute; vers une identit&eacute; commune et un avenir harmonieux. <br><br>Une journ&eacute;e marqu&eacute;e par des interventions de haut niveau : Des professeurs d&rsquo;universit&eacute;, religieux, chercheurs et &eacute;tudiants se sont r&eacute;unis autour de r&eacute;flexions cl&eacute;s :&nbsp;&nbsp;</p>\\r\\n<p><em>&laquo;&nbsp;L&rsquo;aspiration &agrave; la paix : fondement anthropologique &raquo; par le P&egrave;re David Mubenga; </em><br><em>&laquo; L&rsquo;&eacute;conomie au service de la paix : promouvoir une prosp&eacute;rit&eacute; partag&eacute;e &raquo; par le Prof. F&eacute;lix Kalaba; </em><br><em>&laquo; Droits de l&rsquo;homme et justice : leviers de paix en RDC &raquo; par Me. Marla Katapala.</em></p>\\r\\n<p>&nbsp;<br>Des &eacute;changes nourris ont pr&eacute;c&eacute;d&eacute; un second panel :&nbsp;&nbsp;</p>\\r\\n<p><em>&laquo;&nbsp;L&rsquo;&eacute;cologie int&eacute;grale au service de la paix durable &raquo; par le P&egrave;re Dieudonn&eacute; Besa; </em><br><em>&laquo; La p&eacute;dagogie sal&eacute;sienne : Bons chr&eacute;tiens et honn&ecirc;tes citoyens &raquo; par le P&egrave;re Dieudonn&eacute; Makola; </em><br><em>&laquo; L&rsquo;&eacute;ducation &agrave; la paix pour une cohabitation pacifique &raquo; par le P&egrave;re Pierre Maibwe.</em><br><br>Enfin, deux conf&eacute;rences de cl&ocirc;ture d\\\'une grande richesse :&nbsp;&nbsp;</p>\\r\\n<p><em>&laquo; Le&nbsp;r&ocirc;le de l&rsquo;&Eacute;glise dans l&rsquo;&eacute;dification de la paix &raquo; par l\\\'Abb&eacute; Bertin Mpemba </em></p>\\r\\n<p><em>&laquo;&nbsp;Quelle diplomatie pour la paix en RDC ? &raquo; du Prof. F&eacute;licien Mulamba. </em></p>\\r\\n<p>&nbsp;</p>\\r\\n<p>Le mot de cl&ocirc;ture du P&egrave;re Trufon Kilimira, vicaire provincial des Sal&eacute;siens de Don Bosco, a soulign&eacute; la pertinence des &eacute;changes et la profondeur des analyses propos&eacute;es.</p>\', \'2025-06-03 14:19:31\', \'2025-06-03 14:19:31\')')
 2 SYSTEMPATH\Database\BaseConnection.php(636): CodeIgniter\Database\BaseConnection->simpleQuery('INSERT INTO `news` (`title`, `content`, `date_added`, `date_updated`) VALUES (NULL, \'<p><strong>Ce samedi 31 mai 2025, la Facult&eacute; des sciences de l&rsquo;homme et de la soci&eacute;t&eacute; de l&rsquo;Universit&eacute; Don Bosco de Lubumbashi a accueilli la 2ᵉ &eacute;dition des Journ&eacute;es scientifiques sur le th&egrave;me : &laquo; Justice, Paix et Droits : Promouvoir la culture de la paix en RDC &raquo;</strong>.&nbsp;</p>\\r\\n<p>&nbsp;</p>\\r\\n<p>Un sujet profond&eacute;ment actuel, choisi pour &eacute;voquer les enjeux d&rsquo;une soci&eacute;t&eacute; congolaise en qu&ecirc;te de paix, de justice et de stabilit&eacute;, mais aussi pour r&eacute;v&eacute;ler l&rsquo;espoir d&rsquo;un peuple tourn&eacute; vers une identit&eacute; commune et un avenir harmonieux. <br><br>Une journ&eacute;e marqu&eacute;e par des interventions de haut niveau : Des professeurs d&rsquo;universit&eacute;, religieux, chercheurs et &eacute;tudiants se sont r&eacute;unis autour de r&eacute;flexions cl&eacute;s :&nbsp;&nbsp;</p>\\r\\n<p><em>&laquo;&nbsp;L&rsquo;aspiration &agrave; la paix : fondement anthropologique &raquo; par le P&egrave;re David Mubenga; </em><br><em>&laquo; L&rsquo;&eacute;conomie au service de la paix : promouvoir une prosp&eacute;rit&eacute; partag&eacute;e &raquo; par le Prof. F&eacute;lix Kalaba; </em><br><em>&laquo; Droits de l&rsquo;homme et justice : leviers de paix en RDC &raquo; par Me. Marla Katapala.</em></p>\\r\\n<p>&nbsp;<br>Des &eacute;changes nourris ont pr&eacute;c&eacute;d&eacute; un second panel :&nbsp;&nbsp;</p>\\r\\n<p><em>&laquo;&nbsp;L&rsquo;&eacute;cologie int&eacute;grale au service de la paix durable &raquo; par le P&egrave;re Dieudonn&eacute; Besa; </em><br><em>&laquo; La p&eacute;dagogie sal&eacute;sienne : Bons chr&eacute;tiens et honn&ecirc;tes citoyens &raquo; par le P&egrave;re Dieudonn&eacute; Makola; </em><br><em>&laquo; L&rsquo;&eacute;ducation &agrave; la paix pour une cohabitation pacifique &raquo; par le P&egrave;re Pierre Maibwe.</em><br><br>Enfin, deux conf&eacute;rences de cl&ocirc;ture d\\\'une grande richesse :&nbsp;&nbsp;</p>\\r\\n<p><em>&laquo; Le&nbsp;r&ocirc;le de l&rsquo;&Eacute;glise dans l&rsquo;&eacute;dification de la paix &raquo; par l\\\'Abb&eacute; Bertin Mpemba </em></p>\\r\\n<p><em>&laquo;&nbsp;Quelle diplomatie pour la paix en RDC ? &raquo; du Prof. F&eacute;licien Mulamba. </em></p>\\r\\n<p>&nbsp;</p>\\r\\n<p>Le mot de cl&ocirc;ture du P&egrave;re Trufon Kilimira, vicaire provincial des Sal&eacute;siens de Don Bosco, a soulign&eacute; la pertinence des &eacute;changes et la profondeur des analyses propos&eacute;es.</p>\', \'2025-06-03 14:19:31\', \'2025-06-03 14:19:31\')')
 3 SYSTEMPATH\Database\BaseBuilder.php(2325): CodeIgniter\Database\BaseConnection->query('INSERT INTO `news` (`title`, `content`, `date_added`, `date_updated`) VALUES (:title:, :content:, :date_added:, :date_updated:)', [...], false)
 4 SYSTEMPATH\Model.php(383): CodeIgniter\Database\BaseBuilder->insert()
 5 SYSTEMPATH\BaseModel.php(840): CodeIgniter\Model->doInsert([...])
 6 SYSTEMPATH\Model.php(791): CodeIgniter\BaseModel->insert([...], true)
 7 APPPATH\Controllers\DAO\News.php(73): CodeIgniter\Model->insert([...])
 8 APPPATH\Controllers\dashboard.php(79): App\Controllers\DAO\News::insert([...])
 9 SYSTEMPATH\CodeIgniter.php(933): App\Controllers\Dashboard->ajouter()
10 SYSTEMPATH\CodeIgniter.php(509): CodeIgniter\CodeIgniter->runController(Object(App\Controllers\Dashboard))
11 SYSTEMPATH\CodeIgniter.php(355): CodeIgniter\CodeIgniter->handleRequest(null, Object(Config\Cache), false)
12 SYSTEMPATH\Boot.php(312): CodeIgniter\CodeIgniter->run()
13 SYSTEMPATH\Boot.php(67): CodeIgniter\Boot::runCodeIgniter(Object(CodeIgniter\CodeIgniter))
14 FCPATH\index.php(56): CodeIgniter\Boot::bootWeb(Object(Config\Paths))
CRITICAL - 2025-06-03 14:19:31 --> [Caused by] mysqli_sql_exception: Column 'title' cannot be null
in SYSTEMPATH\Database\MySQLi\Connection.php on line 308.
 1 SYSTEMPATH\Database\MySQLi\Connection.php(308): mysqli->query('INSERT INTO `news` (`title`, `content`, `date_added`, `date_updated`) VALUES (NULL, \'<p><strong>Ce samedi 31 mai 2025, la Facult&eacute; des sciences de l&rsquo;homme et de la soci&eacute;t&eacute; de l&rsquo;Universit&eacute; Don Bosco de Lubumbashi a accueilli la 2ᵉ &eacute;dition des Journ&eacute;es scientifiques sur le th&egrave;me : &laquo; Justice, Paix et Droits : Promouvoir la culture de la paix en RDC &raquo;</strong>.&nbsp;</p>\\r\\n<p>&nbsp;</p>\\r\\n<p>Un sujet profond&eacute;ment actuel, choisi pour &eacute;voquer les enjeux d&rsquo;une soci&eacute;t&eacute; congolaise en qu&ecirc;te de paix, de justice et de stabilit&eacute;, mais aussi pour r&eacute;v&eacute;ler l&rsquo;espoir d&rsquo;un peuple tourn&eacute; vers une identit&eacute; commune et un avenir harmonieux. <br><br>Une journ&eacute;e marqu&eacute;e par des interventions de haut niveau : Des professeurs d&rsquo;universit&eacute;, religieux, chercheurs et &eacute;tudiants se sont r&eacute;unis autour de r&eacute;flexions cl&eacute;s :&nbsp;&nbsp;</p>\\r\\n<p><em>&laquo;&nbsp;L&rsquo;aspiration &agrave; la paix : fondement anthropologique &raquo; par le P&egrave;re David Mubenga; </em><br><em>&laquo; L&rsquo;&eacute;conomie au service de la paix : promouvoir une prosp&eacute;rit&eacute; partag&eacute;e &raquo; par le Prof. F&eacute;lix Kalaba; </em><br><em>&laquo; Droits de l&rsquo;homme et justice : leviers de paix en RDC &raquo; par Me. Marla Katapala.</em></p>\\r\\n<p>&nbsp;<br>Des &eacute;changes nourris ont pr&eacute;c&eacute;d&eacute; un second panel :&nbsp;&nbsp;</p>\\r\\n<p><em>&laquo;&nbsp;L&rsquo;&eacute;cologie int&eacute;grale au service de la paix durable &raquo; par le P&egrave;re Dieudonn&eacute; Besa; </em><br><em>&laquo; La p&eacute;dagogie sal&eacute;sienne : Bons chr&eacute;tiens et honn&ecirc;tes citoyens &raquo; par le P&egrave;re Dieudonn&eacute; Makola; </em><br><em>&laquo; L&rsquo;&eacute;ducation &agrave; la paix pour une cohabitation pacifique &raquo; par le P&egrave;re Pierre Maibwe.</em><br><br>Enfin, deux conf&eacute;rences de cl&ocirc;ture d\\\'une grande richesse :&nbsp;&nbsp;</p>\\r\\n<p><em>&laquo; Le&nbsp;r&ocirc;le de l&rsquo;&Eacute;glise dans l&rsquo;&eacute;dification de la paix &raquo; par l\\\'Abb&eacute; Bertin Mpemba </em></p>\\r\\n<p><em>&laquo;&nbsp;Quelle diplomatie pour la paix en RDC ? &raquo; du Prof. F&eacute;licien Mulamba. </em></p>\\r\\n<p>&nbsp;</p>\\r\\n<p>Le mot de cl&ocirc;ture du P&egrave;re Trufon Kilimira, vicaire provincial des Sal&eacute;siens de Don Bosco, a soulign&eacute; la pertinence des &eacute;changes et la profondeur des analyses propos&eacute;es.</p>\', \'2025-06-03 14:19:31\', \'2025-06-03 14:19:31\')', 0)
 2 SYSTEMPATH\Database\BaseConnection.php(722): CodeIgniter\Database\MySQLi\Connection->execute('INSERT INTO `news` (`title`, `content`, `date_added`, `date_updated`) VALUES (NULL, \'<p><strong>Ce samedi 31 mai 2025, la Facult&eacute; des sciences de l&rsquo;homme et de la soci&eacute;t&eacute; de l&rsquo;Universit&eacute; Don Bosco de Lubumbashi a accueilli la 2ᵉ &eacute;dition des Journ&eacute;es scientifiques sur le th&egrave;me : &laquo; Justice, Paix et Droits : Promouvoir la culture de la paix en RDC &raquo;</strong>.&nbsp;</p>\\r\\n<p>&nbsp;</p>\\r\\n<p>Un sujet profond&eacute;ment actuel, choisi pour &eacute;voquer les enjeux d&rsquo;une soci&eacute;t&eacute; congolaise en qu&ecirc;te de paix, de justice et de stabilit&eacute;, mais aussi pour r&eacute;v&eacute;ler l&rsquo;espoir d&rsquo;un peuple tourn&eacute; vers une identit&eacute; commune et un avenir harmonieux. <br><br>Une journ&eacute;e marqu&eacute;e par des interventions de haut niveau : Des professeurs d&rsquo;universit&eacute;, religieux, chercheurs et &eacute;tudiants se sont r&eacute;unis autour de r&eacute;flexions cl&eacute;s :&nbsp;&nbsp;</p>\\r\\n<p><em>&laquo;&nbsp;L&rsquo;aspiration &agrave; la paix : fondement anthropologique &raquo; par le P&egrave;re David Mubenga; </em><br><em>&laquo; L&rsquo;&eacute;conomie au service de la paix : promouvoir une prosp&eacute;rit&eacute; partag&eacute;e &raquo; par le Prof. F&eacute;lix Kalaba; </em><br><em>&laquo; Droits de l&rsquo;homme et justice : leviers de paix en RDC &raquo; par Me. Marla Katapala.</em></p>\\r\\n<p>&nbsp;<br>Des &eacute;changes nourris ont pr&eacute;c&eacute;d&eacute; un second panel :&nbsp;&nbsp;</p>\\r\\n<p><em>&laquo;&nbsp;L&rsquo;&eacute;cologie int&eacute;grale au service de la paix durable &raquo; par le P&egrave;re Dieudonn&eacute; Besa; </em><br><em>&laquo; La p&eacute;dagogie sal&eacute;sienne : Bons chr&eacute;tiens et honn&ecirc;tes citoyens &raquo; par le P&egrave;re Dieudonn&eacute; Makola; </em><br><em>&laquo; L&rsquo;&eacute;ducation &agrave; la paix pour une cohabitation pacifique &raquo; par le P&egrave;re Pierre Maibwe.</em><br><br>Enfin, deux conf&eacute;rences de cl&ocirc;ture d\\\'une grande richesse :&nbsp;&nbsp;</p>\\r\\n<p><em>&laquo; Le&nbsp;r&ocirc;le de l&rsquo;&Eacute;glise dans l&rsquo;&eacute;dification de la paix &raquo; par l\\\'Abb&eacute; Bertin Mpemba </em></p>\\r\\n<p><em>&laquo;&nbsp;Quelle diplomatie pour la paix en RDC ? &raquo; du Prof. F&eacute;licien Mulamba. </em></p>\\r\\n<p>&nbsp;</p>\\r\\n<p>Le mot de cl&ocirc;ture du P&egrave;re Trufon Kilimira, vicaire provincial des Sal&eacute;siens de Don Bosco, a soulign&eacute; la pertinence des &eacute;changes et la profondeur des analyses propos&eacute;es.</p>\', \'2025-06-03 14:19:31\', \'2025-06-03 14:19:31\')')
 3 SYSTEMPATH\Database\BaseConnection.php(636): CodeIgniter\Database\BaseConnection->simpleQuery('INSERT INTO `news` (`title`, `content`, `date_added`, `date_updated`) VALUES (NULL, \'<p><strong>Ce samedi 31 mai 2025, la Facult&eacute; des sciences de l&rsquo;homme et de la soci&eacute;t&eacute; de l&rsquo;Universit&eacute; Don Bosco de Lubumbashi a accueilli la 2ᵉ &eacute;dition des Journ&eacute;es scientifiques sur le th&egrave;me : &laquo; Justice, Paix et Droits : Promouvoir la culture de la paix en RDC &raquo;</strong>.&nbsp;</p>\\r\\n<p>&nbsp;</p>\\r\\n<p>Un sujet profond&eacute;ment actuel, choisi pour &eacute;voquer les enjeux d&rsquo;une soci&eacute;t&eacute; congolaise en qu&ecirc;te de paix, de justice et de stabilit&eacute;, mais aussi pour r&eacute;v&eacute;ler l&rsquo;espoir d&rsquo;un peuple tourn&eacute; vers une identit&eacute; commune et un avenir harmonieux. <br><br>Une journ&eacute;e marqu&eacute;e par des interventions de haut niveau : Des professeurs d&rsquo;universit&eacute;, religieux, chercheurs et &eacute;tudiants se sont r&eacute;unis autour de r&eacute;flexions cl&eacute;s :&nbsp;&nbsp;</p>\\r\\n<p><em>&laquo;&nbsp;L&rsquo;aspiration &agrave; la paix : fondement anthropologique &raquo; par le P&egrave;re David Mubenga; </em><br><em>&laquo; L&rsquo;&eacute;conomie au service de la paix : promouvoir une prosp&eacute;rit&eacute; partag&eacute;e &raquo; par le Prof. F&eacute;lix Kalaba; </em><br><em>&laquo; Droits de l&rsquo;homme et justice : leviers de paix en RDC &raquo; par Me. Marla Katapala.</em></p>\\r\\n<p>&nbsp;<br>Des &eacute;changes nourris ont pr&eacute;c&eacute;d&eacute; un second panel :&nbsp;&nbsp;</p>\\r\\n<p><em>&laquo;&nbsp;L&rsquo;&eacute;cologie int&eacute;grale au service de la paix durable &raquo; par le P&egrave;re Dieudonn&eacute; Besa; </em><br><em>&laquo; La p&eacute;dagogie sal&eacute;sienne : Bons chr&eacute;tiens et honn&ecirc;tes citoyens &raquo; par le P&egrave;re Dieudonn&eacute; Makola; </em><br><em>&laquo; L&rsquo;&eacute;ducation &agrave; la paix pour une cohabitation pacifique &raquo; par le P&egrave;re Pierre Maibwe.</em><br><br>Enfin, deux conf&eacute;rences de cl&ocirc;ture d\\\'une grande richesse :&nbsp;&nbsp;</p>\\r\\n<p><em>&laquo; Le&nbsp;r&ocirc;le de l&rsquo;&Eacute;glise dans l&rsquo;&eacute;dification de la paix &raquo; par l\\\'Abb&eacute; Bertin Mpemba </em></p>\\r\\n<p><em>&laquo;&nbsp;Quelle diplomatie pour la paix en RDC ? &raquo; du Prof. F&eacute;licien Mulamba. </em></p>\\r\\n<p>&nbsp;</p>\\r\\n<p>Le mot de cl&ocirc;ture du P&egrave;re Trufon Kilimira, vicaire provincial des Sal&eacute;siens de Don Bosco, a soulign&eacute; la pertinence des &eacute;changes et la profondeur des analyses propos&eacute;es.</p>\', \'2025-06-03 14:19:31\', \'2025-06-03 14:19:31\')')
 4 SYSTEMPATH\Database\BaseBuilder.php(2325): CodeIgniter\Database\BaseConnection->query('INSERT INTO `news` (`title`, `content`, `date_added`, `date_updated`) VALUES (:title:, :content:, :date_added:, :date_updated:)', [...], false)
 5 SYSTEMPATH\Model.php(383): CodeIgniter\Database\BaseBuilder->insert()
 6 SYSTEMPATH\BaseModel.php(840): CodeIgniter\Model->doInsert([...])
 7 SYSTEMPATH\Model.php(791): CodeIgniter\BaseModel->insert([...], true)
 8 APPPATH\Controllers\DAO\News.php(73): CodeIgniter\Model->insert([...])
 9 APPPATH\Controllers\dashboard.php(79): App\Controllers\DAO\News::insert([...])
10 SYSTEMPATH\CodeIgniter.php(933): App\Controllers\Dashboard->ajouter()
11 SYSTEMPATH\CodeIgniter.php(509): CodeIgniter\CodeIgniter->runController(Object(App\Controllers\Dashboard))
12 SYSTEMPATH\CodeIgniter.php(355): CodeIgniter\CodeIgniter->handleRequest(null, Object(Config\Cache), false)
13 SYSTEMPATH\Boot.php(312): CodeIgniter\CodeIgniter->run()
14 SYSTEMPATH\Boot.php(67): CodeIgniter\Boot::runCodeIgniter(Object(CodeIgniter\CodeIgniter))
15 FCPATH\index.php(56): CodeIgniter\Boot::bootWeb(Object(Config\Paths))
INFO - 2025-06-03 14:19:37 --> Session: Class initialized using 'CodeIgniter\Session\Handlers\FileHandler' driver.
INFO - 2025-06-03 14:19:39 --> Session: Class initialized using 'CodeIgniter\Session\Handlers\FileHandler' driver.
ERROR - 2025-06-03 14:21:08 --> mysqli_sql_exception: Column 'title' cannot be null in C:\xampp\htdocs\Asunicaco\Backend\system\Database\MySQLi\Connection.php:308
Stack trace:
#0 C:\xampp\htdocs\Asunicaco\Backend\system\Database\MySQLi\Connection.php(308): mysqli->query('INSERT INTO `ne...', 0)
#1 C:\xampp\htdocs\Asunicaco\Backend\system\Database\BaseConnection.php(722): CodeIgniter\Database\MySQLi\Connection->execute('INSERT INTO `ne...')
#2 C:\xampp\htdocs\Asunicaco\Backend\system\Database\BaseConnection.php(636): CodeIgniter\Database\BaseConnection->simpleQuery('INSERT INTO `ne...')
#3 C:\xampp\htdocs\Asunicaco\Backend\system\Database\BaseBuilder.php(2325): CodeIgniter\Database\BaseConnection->query('INSERT INTO `ne...', Array, false)
#4 C:\xampp\htdocs\Asunicaco\Backend\system\Model.php(383): CodeIgniter\Database\BaseBuilder->insert()
#5 C:\xampp\htdocs\Asunicaco\Backend\system\BaseModel.php(840): CodeIgniter\Model->doInsert(Array)
#6 C:\xampp\htdocs\Asunicaco\Backend\system\Model.php(791): CodeIgniter\BaseModel->insert(Array, true)
#7 C:\xampp\htdocs\Asunicaco\Backend\app\Controllers\DAO\News.php(73): CodeIgniter\Model->insert(Array)
#8 C:\xampp\htdocs\Asunicaco\Backend\app\Controllers\dashboard.php(79): App\Controllers\DAO\News::insert(Array)
#9 C:\xampp\htdocs\Asunicaco\Backend\system\CodeIgniter.php(933): App\Controllers\Dashboard->ajouter()
#10 C:\xampp\htdocs\Asunicaco\Backend\system\CodeIgniter.php(509): CodeIgniter\CodeIgniter->runController(Object(App\Controllers\Dashboard))
#11 C:\xampp\htdocs\Asunicaco\Backend\system\CodeIgniter.php(355): CodeIgniter\CodeIgniter->handleRequest(NULL, Object(Config\Cache), false)
#12 C:\xampp\htdocs\Asunicaco\Backend\system\Boot.php(312): CodeIgniter\CodeIgniter->run()
#13 C:\xampp\htdocs\Asunicaco\Backend\system\Boot.php(67): CodeIgniter\Boot::runCodeIgniter(Object(CodeIgniter\CodeIgniter))
#14 C:\xampp\htdocs\Asunicaco\public\index.php(56): CodeIgniter\Boot::bootWeb(Object(Config\Paths))
#15 {main}
CRITICAL - 2025-06-03 14:21:08 --> CodeIgniter\Database\Exceptions\DatabaseException: Column 'title' cannot be null
[Method: POST, Route: dashboard/ajouter]
in SYSTEMPATH\Database\BaseConnection.php on line 676.
 1 SYSTEMPATH\Database\BaseBuilder.php(2325): CodeIgniter\Database\BaseConnection->query('INSERT INTO `news` (`title`, `content`, `date_added`, `date_updated`) VALUES (:title:, :content:, :date_added:, :date_updated:)', [...], false)
 2 SYSTEMPATH\Model.php(383): CodeIgniter\Database\BaseBuilder->insert()
 3 SYSTEMPATH\BaseModel.php(840): CodeIgniter\Model->doInsert([...])
 4 SYSTEMPATH\Model.php(791): CodeIgniter\BaseModel->insert([...], true)
 5 APPPATH\Controllers\DAO\News.php(73): CodeIgniter\Model->insert([...])
 6 APPPATH\Controllers\dashboard.php(79): App\Controllers\DAO\News::insert([...])
 7 SYSTEMPATH\CodeIgniter.php(933): App\Controllers\Dashboard->ajouter()
 8 SYSTEMPATH\CodeIgniter.php(509): CodeIgniter\CodeIgniter->runController(Object(App\Controllers\Dashboard))
 9 SYSTEMPATH\CodeIgniter.php(355): CodeIgniter\CodeIgniter->handleRequest(null, Object(Config\Cache), false)
10 SYSTEMPATH\Boot.php(312): CodeIgniter\CodeIgniter->run()
11 SYSTEMPATH\Boot.php(67): CodeIgniter\Boot::runCodeIgniter(Object(CodeIgniter\CodeIgniter))
12 FCPATH\index.php(56): CodeIgniter\Boot::bootWeb(Object(Config\Paths))
CRITICAL - 2025-06-03 14:21:08 --> [Caused by] CodeIgniter\Database\Exceptions\DatabaseException: Column 'title' cannot be null
in SYSTEMPATH\Database\MySQLi\Connection.php on line 313.
 1 SYSTEMPATH\Database\BaseConnection.php(722): CodeIgniter\Database\MySQLi\Connection->execute('INSERT INTO `news` (`title`, `content`, `date_added`, `date_updated`) VALUES (NULL, \'<p><strong><span style=\\"font-size: 14pt;\\">Ce samedi 31 mai 2025, la Facult&eacute; des sciences de l&rsquo;homme et de la soci&eacute;t&eacute; de l&rsquo;Universit&eacute; Don Bosco de Lubumbashi a accueilli la 2ᵉ &eacute;dition des Journ&eacute;es scientifiques sur le th&egrave;me : &laquo; Justice, Paix et Droits : Promouvoir la culture de la paix en RDC &raquo;. </span></strong></p>\\r\\n<p>Un sujet profond&eacute;ment actuel, choisi pour &eacute;voquer les enjeux d&rsquo;une soci&eacute;t&eacute; congolaise en qu&ecirc;te de paix, de justice et de stabilit&eacute;, mais aussi pour r&eacute;v&eacute;ler l&rsquo;espoir d&rsquo;un peuple tourn&eacute; vers une identit&eacute; commune et un avenir harmonieux.</p>\\r\\n<p>Une journ&eacute;e marqu&eacute;e par des interventions de haut niveau : Des professeurs d&rsquo;universit&eacute;, religieux, chercheurs et &eacute;tudiants se sont r&eacute;unis autour de r&eacute;flexions cl&eacute;s :</p>\\r\\n<p><em>&laquo;&nbsp;L&rsquo;aspiration &agrave; la paix : fondement anthropologique &raquo; par le P&egrave;re David Mubenga; </em></p>\\r\\n<p><em>&laquo;&nbsp;L&rsquo;&eacute;conomie au service de la paix : promouvoir une prosp&eacute;rit&eacute; partag&eacute;e &raquo; par le Prof. F&eacute;lix Kalaba; </em></p>\\r\\n<p><em>&laquo;&nbsp;Droits de l&rsquo;homme et justice : leviers de paix en RDC &raquo; par Me. Marla Katapala.</em></p>\\r\\n<p>&nbsp;</p>\\r\\n<p>&nbsp;Des &eacute;changes nourris ont pr&eacute;c&eacute;d&eacute; un second panel :</p>\\r\\n<p><em>&laquo;&nbsp;L&rsquo;&eacute;cologie int&eacute;grale au service de la paix durable &raquo; par le P&egrave;re Dieudonn&eacute; Besa; </em></p>\\r\\n<p><em>&laquo; La&nbsp;p&eacute;dagogie sal&eacute;sienne : Bons chr&eacute;tiens et honn&ecirc;tes citoyens &raquo; par le P&egrave;re Dieudonn&eacute; Makola; </em></p>\\r\\n<p><em>&laquo;&nbsp;L&rsquo;&eacute;ducation &agrave; la paix pour une cohabitation pacifique &raquo; par le P&egrave;re Pierre Maibwe. </em></p>\\r\\n<p>&nbsp;</p>\\r\\n<p>Enfin, deux conf&eacute;rences de cl&ocirc;ture d\\\'une grande richesse :</p>\\r\\n<p><em>&laquo; Le&nbsp;r&ocirc;le de l&rsquo;&Eacute;glise dans l&rsquo;&eacute;dification de la paix &raquo; par l\\\'Abb&eacute; Bertin Mpemba</em></p>\\r\\n<p><em>&laquo;&nbsp;Quelle diplomatie pour la paix en RDC ? &raquo; du Prof. F&eacute;licien Mulamba. </em></p>\\r\\n<p>&nbsp;</p>\\r\\n<p>Le mot de cl&ocirc;ture du P&egrave;re Trufon Kilimira, vicaire provincial des Sal&eacute;siens de Don Bosco, a soulign&eacute; la pertinence des &eacute;changes et la profondeur des analyses propos&eacute;es.</p>\', \'2025-06-03 14:21:08\', \'2025-06-03 14:21:08\')')
 2 SYSTEMPATH\Database\BaseConnection.php(636): CodeIgniter\Database\BaseConnection->simpleQuery('INSERT INTO `news` (`title`, `content`, `date_added`, `date_updated`) VALUES (NULL, \'<p><strong><span style=\\"font-size: 14pt;\\">Ce samedi 31 mai 2025, la Facult&eacute; des sciences de l&rsquo;homme et de la soci&eacute;t&eacute; de l&rsquo;Universit&eacute; Don Bosco de Lubumbashi a accueilli la 2ᵉ &eacute;dition des Journ&eacute;es scientifiques sur le th&egrave;me : &laquo; Justice, Paix et Droits : Promouvoir la culture de la paix en RDC &raquo;. </span></strong></p>\\r\\n<p>Un sujet profond&eacute;ment actuel, choisi pour &eacute;voquer les enjeux d&rsquo;une soci&eacute;t&eacute; congolaise en qu&ecirc;te de paix, de justice et de stabilit&eacute;, mais aussi pour r&eacute;v&eacute;ler l&rsquo;espoir d&rsquo;un peuple tourn&eacute; vers une identit&eacute; commune et un avenir harmonieux.</p>\\r\\n<p>Une journ&eacute;e marqu&eacute;e par des interventions de haut niveau : Des professeurs d&rsquo;universit&eacute;, religieux, chercheurs et &eacute;tudiants se sont r&eacute;unis autour de r&eacute;flexions cl&eacute;s :</p>\\r\\n<p><em>&laquo;&nbsp;L&rsquo;aspiration &agrave; la paix : fondement anthropologique &raquo; par le P&egrave;re David Mubenga; </em></p>\\r\\n<p><em>&laquo;&nbsp;L&rsquo;&eacute;conomie au service de la paix : promouvoir une prosp&eacute;rit&eacute; partag&eacute;e &raquo; par le Prof. F&eacute;lix Kalaba; </em></p>\\r\\n<p><em>&laquo;&nbsp;Droits de l&rsquo;homme et justice : leviers de paix en RDC &raquo; par Me. Marla Katapala.</em></p>\\r\\n<p>&nbsp;</p>\\r\\n<p>&nbsp;Des &eacute;changes nourris ont pr&eacute;c&eacute;d&eacute; un second panel :</p>\\r\\n<p><em>&laquo;&nbsp;L&rsquo;&eacute;cologie int&eacute;grale au service de la paix durable &raquo; par le P&egrave;re Dieudonn&eacute; Besa; </em></p>\\r\\n<p><em>&laquo; La&nbsp;p&eacute;dagogie sal&eacute;sienne : Bons chr&eacute;tiens et honn&ecirc;tes citoyens &raquo; par le P&egrave;re Dieudonn&eacute; Makola; </em></p>\\r\\n<p><em>&laquo;&nbsp;L&rsquo;&eacute;ducation &agrave; la paix pour une cohabitation pacifique &raquo; par le P&egrave;re Pierre Maibwe. </em></p>\\r\\n<p>&nbsp;</p>\\r\\n<p>Enfin, deux conf&eacute;rences de cl&ocirc;ture d\\\'une grande richesse :</p>\\r\\n<p><em>&laquo; Le&nbsp;r&ocirc;le de l&rsquo;&Eacute;glise dans l&rsquo;&eacute;dification de la paix &raquo; par l\\\'Abb&eacute; Bertin Mpemba</em></p>\\r\\n<p><em>&laquo;&nbsp;Quelle diplomatie pour la paix en RDC ? &raquo; du Prof. F&eacute;licien Mulamba. </em></p>\\r\\n<p>&nbsp;</p>\\r\\n<p>Le mot de cl&ocirc;ture du P&egrave;re Trufon Kilimira, vicaire provincial des Sal&eacute;siens de Don Bosco, a soulign&eacute; la pertinence des &eacute;changes et la profondeur des analyses propos&eacute;es.</p>\', \'2025-06-03 14:21:08\', \'2025-06-03 14:21:08\')')
 3 SYSTEMPATH\Database\BaseBuilder.php(2325): CodeIgniter\Database\BaseConnection->query('INSERT INTO `news` (`title`, `content`, `date_added`, `date_updated`) VALUES (:title:, :content:, :date_added:, :date_updated:)', [...], false)
 4 SYSTEMPATH\Model.php(383): CodeIgniter\Database\BaseBuilder->insert()
 5 SYSTEMPATH\BaseModel.php(840): CodeIgniter\Model->doInsert([...])
 6 SYSTEMPATH\Model.php(791): CodeIgniter\BaseModel->insert([...], true)
 7 APPPATH\Controllers\DAO\News.php(73): CodeIgniter\Model->insert([...])
 8 APPPATH\Controllers\dashboard.php(79): App\Controllers\DAO\News::insert([...])
 9 SYSTEMPATH\CodeIgniter.php(933): App\Controllers\Dashboard->ajouter()
10 SYSTEMPATH\CodeIgniter.php(509): CodeIgniter\CodeIgniter->runController(Object(App\Controllers\Dashboard))
11 SYSTEMPATH\CodeIgniter.php(355): CodeIgniter\CodeIgniter->handleRequest(null, Object(Config\Cache), false)
12 SYSTEMPATH\Boot.php(312): CodeIgniter\CodeIgniter->run()
13 SYSTEMPATH\Boot.php(67): CodeIgniter\Boot::runCodeIgniter(Object(CodeIgniter\CodeIgniter))
14 FCPATH\index.php(56): CodeIgniter\Boot::bootWeb(Object(Config\Paths))
CRITICAL - 2025-06-03 14:21:08 --> [Caused by] mysqli_sql_exception: Column 'title' cannot be null
in SYSTEMPATH\Database\MySQLi\Connection.php on line 308.
 1 SYSTEMPATH\Database\MySQLi\Connection.php(308): mysqli->query('INSERT INTO `news` (`title`, `content`, `date_added`, `date_updated`) VALUES (NULL, \'<p><strong><span style=\\"font-size: 14pt;\\">Ce samedi 31 mai 2025, la Facult&eacute; des sciences de l&rsquo;homme et de la soci&eacute;t&eacute; de l&rsquo;Universit&eacute; Don Bosco de Lubumbashi a accueilli la 2ᵉ &eacute;dition des Journ&eacute;es scientifiques sur le th&egrave;me : &laquo; Justice, Paix et Droits : Promouvoir la culture de la paix en RDC &raquo;. </span></strong></p>\\r\\n<p>Un sujet profond&eacute;ment actuel, choisi pour &eacute;voquer les enjeux d&rsquo;une soci&eacute;t&eacute; congolaise en qu&ecirc;te de paix, de justice et de stabilit&eacute;, mais aussi pour r&eacute;v&eacute;ler l&rsquo;espoir d&rsquo;un peuple tourn&eacute; vers une identit&eacute; commune et un avenir harmonieux.</p>\\r\\n<p>Une journ&eacute;e marqu&eacute;e par des interventions de haut niveau : Des professeurs d&rsquo;universit&eacute;, religieux, chercheurs et &eacute;tudiants se sont r&eacute;unis autour de r&eacute;flexions cl&eacute;s :</p>\\r\\n<p><em>&laquo;&nbsp;L&rsquo;aspiration &agrave; la paix : fondement anthropologique &raquo; par le P&egrave;re David Mubenga; </em></p>\\r\\n<p><em>&laquo;&nbsp;L&rsquo;&eacute;conomie au service de la paix : promouvoir une prosp&eacute;rit&eacute; partag&eacute;e &raquo; par le Prof. F&eacute;lix Kalaba; </em></p>\\r\\n<p><em>&laquo;&nbsp;Droits de l&rsquo;homme et justice : leviers de paix en RDC &raquo; par Me. Marla Katapala.</em></p>\\r\\n<p>&nbsp;</p>\\r\\n<p>&nbsp;Des &eacute;changes nourris ont pr&eacute;c&eacute;d&eacute; un second panel :</p>\\r\\n<p><em>&laquo;&nbsp;L&rsquo;&eacute;cologie int&eacute;grale au service de la paix durable &raquo; par le P&egrave;re Dieudonn&eacute; Besa; </em></p>\\r\\n<p><em>&laquo; La&nbsp;p&eacute;dagogie sal&eacute;sienne : Bons chr&eacute;tiens et honn&ecirc;tes citoyens &raquo; par le P&egrave;re Dieudonn&eacute; Makola; </em></p>\\r\\n<p><em>&laquo;&nbsp;L&rsquo;&eacute;ducation &agrave; la paix pour une cohabitation pacifique &raquo; par le P&egrave;re Pierre Maibwe. </em></p>\\r\\n<p>&nbsp;</p>\\r\\n<p>Enfin, deux conf&eacute;rences de cl&ocirc;ture d\\\'une grande richesse :</p>\\r\\n<p><em>&laquo; Le&nbsp;r&ocirc;le de l&rsquo;&Eacute;glise dans l&rsquo;&eacute;dification de la paix &raquo; par l\\\'Abb&eacute; Bertin Mpemba</em></p>\\r\\n<p><em>&laquo;&nbsp;Quelle diplomatie pour la paix en RDC ? &raquo; du Prof. F&eacute;licien Mulamba. </em></p>\\r\\n<p>&nbsp;</p>\\r\\n<p>Le mot de cl&ocirc;ture du P&egrave;re Trufon Kilimira, vicaire provincial des Sal&eacute;siens de Don Bosco, a soulign&eacute; la pertinence des &eacute;changes et la profondeur des analyses propos&eacute;es.</p>\', \'2025-06-03 14:21:08\', \'2025-06-03 14:21:08\')', 0)
 2 SYSTEMPATH\Database\BaseConnection.php(722): CodeIgniter\Database\MySQLi\Connection->execute('INSERT INTO `news` (`title`, `content`, `date_added`, `date_updated`) VALUES (NULL, \'<p><strong><span style=\\"font-size: 14pt;\\">Ce samedi 31 mai 2025, la Facult&eacute; des sciences de l&rsquo;homme et de la soci&eacute;t&eacute; de l&rsquo;Universit&eacute; Don Bosco de Lubumbashi a accueilli la 2ᵉ &eacute;dition des Journ&eacute;es scientifiques sur le th&egrave;me : &laquo; Justice, Paix et Droits : Promouvoir la culture de la paix en RDC &raquo;. </span></strong></p>\\r\\n<p>Un sujet profond&eacute;ment actuel, choisi pour &eacute;voquer les enjeux d&rsquo;une soci&eacute;t&eacute; congolaise en qu&ecirc;te de paix, de justice et de stabilit&eacute;, mais aussi pour r&eacute;v&eacute;ler l&rsquo;espoir d&rsquo;un peuple tourn&eacute; vers une identit&eacute; commune et un avenir harmonieux.</p>\\r\\n<p>Une journ&eacute;e marqu&eacute;e par des interventions de haut niveau : Des professeurs d&rsquo;universit&eacute;, religieux, chercheurs et &eacute;tudiants se sont r&eacute;unis autour de r&eacute;flexions cl&eacute;s :</p>\\r\\n<p><em>&laquo;&nbsp;L&rsquo;aspiration &agrave; la paix : fondement anthropologique &raquo; par le P&egrave;re David Mubenga; </em></p>\\r\\n<p><em>&laquo;&nbsp;L&rsquo;&eacute;conomie au service de la paix : promouvoir une prosp&eacute;rit&eacute; partag&eacute;e &raquo; par le Prof. F&eacute;lix Kalaba; </em></p>\\r\\n<p><em>&laquo;&nbsp;Droits de l&rsquo;homme et justice : leviers de paix en RDC &raquo; par Me. Marla Katapala.</em></p>\\r\\n<p>&nbsp;</p>\\r\\n<p>&nbsp;Des &eacute;changes nourris ont pr&eacute;c&eacute;d&eacute; un second panel :</p>\\r\\n<p><em>&laquo;&nbsp;L&rsquo;&eacute;cologie int&eacute;grale au service de la paix durable &raquo; par le P&egrave;re Dieudonn&eacute; Besa; </em></p>\\r\\n<p><em>&laquo; La&nbsp;p&eacute;dagogie sal&eacute;sienne : Bons chr&eacute;tiens et honn&ecirc;tes citoyens &raquo; par le P&egrave;re Dieudonn&eacute; Makola; </em></p>\\r\\n<p><em>&laquo;&nbsp;L&rsquo;&eacute;ducation &agrave; la paix pour une cohabitation pacifique &raquo; par le P&egrave;re Pierre Maibwe. </em></p>\\r\\n<p>&nbsp;</p>\\r\\n<p>Enfin, deux conf&eacute;rences de cl&ocirc;ture d\\\'une grande richesse :</p>\\r\\n<p><em>&laquo; Le&nbsp;r&ocirc;le de l&rsquo;&Eacute;glise dans l&rsquo;&eacute;dification de la paix &raquo; par l\\\'Abb&eacute; Bertin Mpemba</em></p>\\r\\n<p><em>&laquo;&nbsp;Quelle diplomatie pour la paix en RDC ? &raquo; du Prof. F&eacute;licien Mulamba. </em></p>\\r\\n<p>&nbsp;</p>\\r\\n<p>Le mot de cl&ocirc;ture du P&egrave;re Trufon Kilimira, vicaire provincial des Sal&eacute;siens de Don Bosco, a soulign&eacute; la pertinence des &eacute;changes et la profondeur des analyses propos&eacute;es.</p>\', \'2025-06-03 14:21:08\', \'2025-06-03 14:21:08\')')
 3 SYSTEMPATH\Database\BaseConnection.php(636): CodeIgniter\Database\BaseConnection->simpleQuery('INSERT INTO `news` (`title`, `content`, `date_added`, `date_updated`) VALUES (NULL, \'<p><strong><span style=\\"font-size: 14pt;\\">Ce samedi 31 mai 2025, la Facult&eacute; des sciences de l&rsquo;homme et de la soci&eacute;t&eacute; de l&rsquo;Universit&eacute; Don Bosco de Lubumbashi a accueilli la 2ᵉ &eacute;dition des Journ&eacute;es scientifiques sur le th&egrave;me : &laquo; Justice, Paix et Droits : Promouvoir la culture de la paix en RDC &raquo;. </span></strong></p>\\r\\n<p>Un sujet profond&eacute;ment actuel, choisi pour &eacute;voquer les enjeux d&rsquo;une soci&eacute;t&eacute; congolaise en qu&ecirc;te de paix, de justice et de stabilit&eacute;, mais aussi pour r&eacute;v&eacute;ler l&rsquo;espoir d&rsquo;un peuple tourn&eacute; vers une identit&eacute; commune et un avenir harmonieux.</p>\\r\\n<p>Une journ&eacute;e marqu&eacute;e par des interventions de haut niveau : Des professeurs d&rsquo;universit&eacute;, religieux, chercheurs et &eacute;tudiants se sont r&eacute;unis autour de r&eacute;flexions cl&eacute;s :</p>\\r\\n<p><em>&laquo;&nbsp;L&rsquo;aspiration &agrave; la paix : fondement anthropologique &raquo; par le P&egrave;re David Mubenga; </em></p>\\r\\n<p><em>&laquo;&nbsp;L&rsquo;&eacute;conomie au service de la paix : promouvoir une prosp&eacute;rit&eacute; partag&eacute;e &raquo; par le Prof. F&eacute;lix Kalaba; </em></p>\\r\\n<p><em>&laquo;&nbsp;Droits de l&rsquo;homme et justice : leviers de paix en RDC &raquo; par Me. Marla Katapala.</em></p>\\r\\n<p>&nbsp;</p>\\r\\n<p>&nbsp;Des &eacute;changes nourris ont pr&eacute;c&eacute;d&eacute; un second panel :</p>\\r\\n<p><em>&laquo;&nbsp;L&rsquo;&eacute;cologie int&eacute;grale au service de la paix durable &raquo; par le P&egrave;re Dieudonn&eacute; Besa; </em></p>\\r\\n<p><em>&laquo; La&nbsp;p&eacute;dagogie sal&eacute;sienne : Bons chr&eacute;tiens et honn&ecirc;tes citoyens &raquo; par le P&egrave;re Dieudonn&eacute; Makola; </em></p>\\r\\n<p><em>&laquo;&nbsp;L&rsquo;&eacute;ducation &agrave; la paix pour une cohabitation pacifique &raquo; par le P&egrave;re Pierre Maibwe. </em></p>\\r\\n<p>&nbsp;</p>\\r\\n<p>Enfin, deux conf&eacute;rences de cl&ocirc;ture d\\\'une grande richesse :</p>\\r\\n<p><em>&laquo; Le&nbsp;r&ocirc;le de l&rsquo;&Eacute;glise dans l&rsquo;&eacute;dification de la paix &raquo; par l\\\'Abb&eacute; Bertin Mpemba</em></p>\\r\\n<p><em>&laquo;&nbsp;Quelle diplomatie pour la paix en RDC ? &raquo; du Prof. F&eacute;licien Mulamba. </em></p>\\r\\n<p>&nbsp;</p>\\r\\n<p>Le mot de cl&ocirc;ture du P&egrave;re Trufon Kilimira, vicaire provincial des Sal&eacute;siens de Don Bosco, a soulign&eacute; la pertinence des &eacute;changes et la profondeur des analyses propos&eacute;es.</p>\', \'2025-06-03 14:21:08\', \'2025-06-03 14:21:08\')')
 4 SYSTEMPATH\Database\BaseBuilder.php(2325): CodeIgniter\Database\BaseConnection->query('INSERT INTO `news` (`title`, `content`, `date_added`, `date_updated`) VALUES (:title:, :content:, :date_added:, :date_updated:)', [...], false)
 5 SYSTEMPATH\Model.php(383): CodeIgniter\Database\BaseBuilder->insert()
 6 SYSTEMPATH\BaseModel.php(840): CodeIgniter\Model->doInsert([...])
 7 SYSTEMPATH\Model.php(791): CodeIgniter\BaseModel->insert([...], true)
 8 APPPATH\Controllers\DAO\News.php(73): CodeIgniter\Model->insert([...])
 9 APPPATH\Controllers\dashboard.php(79): App\Controllers\DAO\News::insert([...])
10 SYSTEMPATH\CodeIgniter.php(933): App\Controllers\Dashboard->ajouter()
11 SYSTEMPATH\CodeIgniter.php(509): CodeIgniter\CodeIgniter->runController(Object(App\Controllers\Dashboard))
12 SYSTEMPATH\CodeIgniter.php(355): CodeIgniter\CodeIgniter->handleRequest(null, Object(Config\Cache), false)
13 SYSTEMPATH\Boot.php(312): CodeIgniter\CodeIgniter->run()
14 SYSTEMPATH\Boot.php(67): CodeIgniter\Boot::runCodeIgniter(Object(CodeIgniter\CodeIgniter))
15 FCPATH\index.php(56): CodeIgniter\Boot::bootWeb(Object(Config\Paths))
INFO - 2025-06-03 14:21:32 --> Session: Class initialized using 'CodeIgniter\Session\Handlers\FileHandler' driver.
ERROR - 2025-06-03 14:21:50 --> mysqli_sql_exception: Cannot add or update a child row: a foreign key constraint fails (`asunicaco`.`news`, CONSTRAINT `fk_univ` FOREIGN KEY (`university`) REFERENCES `university` (`id_university`)) in C:\xampp\htdocs\Asunicaco\Backend\system\Database\MySQLi\Connection.php:308
Stack trace:
#0 C:\xampp\htdocs\Asunicaco\Backend\system\Database\MySQLi\Connection.php(308): mysqli->query('INSERT INTO `ne...', 0)
#1 C:\xampp\htdocs\Asunicaco\Backend\system\Database\BaseConnection.php(722): CodeIgniter\Database\MySQLi\Connection->execute('INSERT INTO `ne...')
#2 C:\xampp\htdocs\Asunicaco\Backend\system\Database\BaseConnection.php(636): CodeIgniter\Database\BaseConnection->simpleQuery('INSERT INTO `ne...')
#3 C:\xampp\htdocs\Asunicaco\Backend\system\Database\BaseBuilder.php(2325): CodeIgniter\Database\BaseConnection->query('INSERT INTO `ne...', Array, false)
#4 C:\xampp\htdocs\Asunicaco\Backend\system\Model.php(383): CodeIgniter\Database\BaseBuilder->insert()
#5 C:\xampp\htdocs\Asunicaco\Backend\system\BaseModel.php(840): CodeIgniter\Model->doInsert(Array)
#6 C:\xampp\htdocs\Asunicaco\Backend\system\Model.php(791): CodeIgniter\BaseModel->insert(Array, true)
#7 C:\xampp\htdocs\Asunicaco\Backend\app\Controllers\DAO\News.php(73): CodeIgniter\Model->insert(Array)
#8 C:\xampp\htdocs\Asunicaco\Backend\app\Controllers\dashboard.php(79): App\Controllers\DAO\News::insert(Array)
#9 C:\xampp\htdocs\Asunicaco\Backend\system\CodeIgniter.php(933): App\Controllers\Dashboard->ajouter()
#10 C:\xampp\htdocs\Asunicaco\Backend\system\CodeIgniter.php(509): CodeIgniter\CodeIgniter->runController(Object(App\Controllers\Dashboard))
#11 C:\xampp\htdocs\Asunicaco\Backend\system\CodeIgniter.php(355): CodeIgniter\CodeIgniter->handleRequest(NULL, Object(Config\Cache), false)
#12 C:\xampp\htdocs\Asunicaco\Backend\system\Boot.php(312): CodeIgniter\CodeIgniter->run()
#13 C:\xampp\htdocs\Asunicaco\Backend\system\Boot.php(67): CodeIgniter\Boot::runCodeIgniter(Object(CodeIgniter\CodeIgniter))
#14 C:\xampp\htdocs\Asunicaco\public\index.php(56): CodeIgniter\Boot::bootWeb(Object(Config\Paths))
#15 {main}
CRITICAL - 2025-06-03 14:21:50 --> CodeIgniter\Database\Exceptions\DatabaseException: Cannot add or update a child row: a foreign key constraint fails (`asunicaco`.`news`, CONSTRAINT `fk_univ` FOREIGN KEY (`university`) REFERENCES `university` (`id_university`))
[Method: POST, Route: dashboard/ajouter]
in SYSTEMPATH\Database\BaseConnection.php on line 676.
 1 SYSTEMPATH\Database\BaseBuilder.php(2325): CodeIgniter\Database\BaseConnection->query('INSERT INTO `news` (`title`, `content`, `date_added`, `date_updated`) VALUES (:title:, :content:, :date_added:, :date_updated:)', [...], false)
 2 SYSTEMPATH\Model.php(383): CodeIgniter\Database\BaseBuilder->insert()
 3 SYSTEMPATH\BaseModel.php(840): CodeIgniter\Model->doInsert([...])
 4 SYSTEMPATH\Model.php(791): CodeIgniter\BaseModel->insert([...], true)
 5 APPPATH\Controllers\DAO\News.php(73): CodeIgniter\Model->insert([...])
 6 APPPATH\Controllers\dashboard.php(79): App\Controllers\DAO\News::insert([...])
 7 SYSTEMPATH\CodeIgniter.php(933): App\Controllers\Dashboard->ajouter()
 8 SYSTEMPATH\CodeIgniter.php(509): CodeIgniter\CodeIgniter->runController(Object(App\Controllers\Dashboard))
 9 SYSTEMPATH\CodeIgniter.php(355): CodeIgniter\CodeIgniter->handleRequest(null, Object(Config\Cache), false)
10 SYSTEMPATH\Boot.php(312): CodeIgniter\CodeIgniter->run()
11 SYSTEMPATH\Boot.php(67): CodeIgniter\Boot::runCodeIgniter(Object(CodeIgniter\CodeIgniter))
12 FCPATH\index.php(56): CodeIgniter\Boot::bootWeb(Object(Config\Paths))
CRITICAL - 2025-06-03 14:21:50 --> [Caused by] CodeIgniter\Database\Exceptions\DatabaseException: Cannot add or update a child row: a foreign key constraint fails (`asunicaco`.`news`, CONSTRAINT `fk_univ` FOREIGN KEY (`university`) REFERENCES `university` (`id_university`))
in SYSTEMPATH\Database\MySQLi\Connection.php on line 313.
 1 SYSTEMPATH\Database\BaseConnection.php(722): CodeIgniter\Database\MySQLi\Connection->execute('INSERT INTO `news` (`title`, `content`, `date_added`, `date_updated`) VALUES (\'Journée scientifique à l’Université Don Bosco de Lubumbashi : Réflexion collective pour une paix durable en RDC\', \'<p>Ce samedi 31 mai 2025, la Facult&eacute; des sciences de l&rsquo;homme et de la soci&eacute;t&eacute; de l&rsquo;Universit&eacute; Don Bosco de Lubumbashi a accueilli la 2ᵉ &eacute;dition des Journ&eacute;es scientifiques sur le th&egrave;me : &laquo; Justice, Paix et Droits : Promouvoir la culture de la paix en RDC &raquo;. Un sujet profond&eacute;ment actuel, choisi pour &eacute;voquer les enjeux d&rsquo;une soci&eacute;t&eacute; congolaise en qu&ecirc;te de paix, de justice et de stabilit&eacute;, mais aussi pour r&eacute;v&eacute;ler l&rsquo;espoir d&rsquo;un peuple tourn&eacute; vers une identit&eacute; commune et un avenir harmonieux. Une journ&eacute;e marqu&eacute;e par des interventions de haut niveau : Des professeurs d&rsquo;universit&eacute;, religieux, chercheurs et &eacute;tudiants se sont r&eacute;unis autour de r&eacute;flexions cl&eacute;s : &laquo; L&rsquo;aspiration &agrave; la paix : fondement anthropologique &raquo; par le P&egrave;re David Mubenga; &laquo; L&rsquo;&eacute;conomie au service de la paix : promouvoir une prosp&eacute;rit&eacute; partag&eacute;e &raquo; par le Prof. F&eacute;lix Kalaba; &laquo; Droits de l&rsquo;homme et justice : leviers de paix en RDC &raquo; par Me. Marla Katapala. Des &eacute;changes nourris ont pr&eacute;c&eacute;d&eacute; un second panel : &laquo; L&rsquo;&eacute;cologie int&eacute;grale au service de la paix durable &raquo; par le P&egrave;re Dieudonn&eacute; Besa; &laquo; La p&eacute;dagogie sal&eacute;sienne : Bons chr&eacute;tiens et honn&ecirc;tes citoyens &raquo; par le P&egrave;re Dieudonn&eacute; Makola; &laquo; L&rsquo;&eacute;ducation &agrave; la paix pour une cohabitation pacifique &raquo; par le P&egrave;re Pierre Maibwe. Enfin, deux conf&eacute;rences de cl&ocirc;ture d\\\'une grande richesse : &laquo; Le r&ocirc;le de l&rsquo;&Eacute;glise dans l&rsquo;&eacute;dification de la paix &raquo; par l\\\'Abb&eacute; Bertin Mpemba &laquo; Quelle diplomatie pour la paix en RDC ? &raquo; du Prof. F&eacute;licien Mulamba. Le mot de cl&ocirc;ture du P&egrave;re Trufon Kilimira, vicaire provincial des Sal&eacute;siens de Don Bosco, a soulign&eacute; la pertinence des &eacute;changes et la profondeur des analyses propos&eacute;es.</p>\', \'2025-06-03 14:21:50\', \'2025-06-03 14:21:50\')')
 2 SYSTEMPATH\Database\BaseConnection.php(636): CodeIgniter\Database\BaseConnection->simpleQuery('INSERT INTO `news` (`title`, `content`, `date_added`, `date_updated`) VALUES (\'Journée scientifique à l’Université Don Bosco de Lubumbashi : Réflexion collective pour une paix durable en RDC\', \'<p>Ce samedi 31 mai 2025, la Facult&eacute; des sciences de l&rsquo;homme et de la soci&eacute;t&eacute; de l&rsquo;Universit&eacute; Don Bosco de Lubumbashi a accueilli la 2ᵉ &eacute;dition des Journ&eacute;es scientifiques sur le th&egrave;me : &laquo; Justice, Paix et Droits : Promouvoir la culture de la paix en RDC &raquo;. Un sujet profond&eacute;ment actuel, choisi pour &eacute;voquer les enjeux d&rsquo;une soci&eacute;t&eacute; congolaise en qu&ecirc;te de paix, de justice et de stabilit&eacute;, mais aussi pour r&eacute;v&eacute;ler l&rsquo;espoir d&rsquo;un peuple tourn&eacute; vers une identit&eacute; commune et un avenir harmonieux. Une journ&eacute;e marqu&eacute;e par des interventions de haut niveau : Des professeurs d&rsquo;universit&eacute;, religieux, chercheurs et &eacute;tudiants se sont r&eacute;unis autour de r&eacute;flexions cl&eacute;s : &laquo; L&rsquo;aspiration &agrave; la paix : fondement anthropologique &raquo; par le P&egrave;re David Mubenga; &laquo; L&rsquo;&eacute;conomie au service de la paix : promouvoir une prosp&eacute;rit&eacute; partag&eacute;e &raquo; par le Prof. F&eacute;lix Kalaba; &laquo; Droits de l&rsquo;homme et justice : leviers de paix en RDC &raquo; par Me. Marla Katapala. Des &eacute;changes nourris ont pr&eacute;c&eacute;d&eacute; un second panel : &laquo; L&rsquo;&eacute;cologie int&eacute;grale au service de la paix durable &raquo; par le P&egrave;re Dieudonn&eacute; Besa; &laquo; La p&eacute;dagogie sal&eacute;sienne : Bons chr&eacute;tiens et honn&ecirc;tes citoyens &raquo; par le P&egrave;re Dieudonn&eacute; Makola; &laquo; L&rsquo;&eacute;ducation &agrave; la paix pour une cohabitation pacifique &raquo; par le P&egrave;re Pierre Maibwe. Enfin, deux conf&eacute;rences de cl&ocirc;ture d\\\'une grande richesse : &laquo; Le r&ocirc;le de l&rsquo;&Eacute;glise dans l&rsquo;&eacute;dification de la paix &raquo; par l\\\'Abb&eacute; Bertin Mpemba &laquo; Quelle diplomatie pour la paix en RDC ? &raquo; du Prof. F&eacute;licien Mulamba. Le mot de cl&ocirc;ture du P&egrave;re Trufon Kilimira, vicaire provincial des Sal&eacute;siens de Don Bosco, a soulign&eacute; la pertinence des &eacute;changes et la profondeur des analyses propos&eacute;es.</p>\', \'2025-06-03 14:21:50\', \'2025-06-03 14:21:50\')')
 3 SYSTEMPATH\Database\BaseBuilder.php(2325): CodeIgniter\Database\BaseConnection->query('INSERT INTO `news` (`title`, `content`, `date_added`, `date_updated`) VALUES (:title:, :content:, :date_added:, :date_updated:)', [...], false)
 4 SYSTEMPATH\Model.php(383): CodeIgniter\Database\BaseBuilder->insert()
 5 SYSTEMPATH\BaseModel.php(840): CodeIgniter\Model->doInsert([...])
 6 SYSTEMPATH\Model.php(791): CodeIgniter\BaseModel->insert([...], true)
 7 APPPATH\Controllers\DAO\News.php(73): CodeIgniter\Model->insert([...])
 8 APPPATH\Controllers\dashboard.php(79): App\Controllers\DAO\News::insert([...])
 9 SYSTEMPATH\CodeIgniter.php(933): App\Controllers\Dashboard->ajouter()
10 SYSTEMPATH\CodeIgniter.php(509): CodeIgniter\CodeIgniter->runController(Object(App\Controllers\Dashboard))
11 SYSTEMPATH\CodeIgniter.php(355): CodeIgniter\CodeIgniter->handleRequest(null, Object(Config\Cache), false)
12 SYSTEMPATH\Boot.php(312): CodeIgniter\CodeIgniter->run()
13 SYSTEMPATH\Boot.php(67): CodeIgniter\Boot::runCodeIgniter(Object(CodeIgniter\CodeIgniter))
14 FCPATH\index.php(56): CodeIgniter\Boot::bootWeb(Object(Config\Paths))
CRITICAL - 2025-06-03 14:21:50 --> [Caused by] mysqli_sql_exception: Cannot add or update a child row: a foreign key constraint fails (`asunicaco`.`news`, CONSTRAINT `fk_univ` FOREIGN KEY (`university`) REFERENCES `university` (`id_university`))
in SYSTEMPATH\Database\MySQLi\Connection.php on line 308.
 1 SYSTEMPATH\Database\MySQLi\Connection.php(308): mysqli->query('INSERT INTO `news` (`title`, `content`, `date_added`, `date_updated`) VALUES (\'Journée scientifique à l’Université Don Bosco de Lubumbashi : Réflexion collective pour une paix durable en RDC\', \'<p>Ce samedi 31 mai 2025, la Facult&eacute; des sciences de l&rsquo;homme et de la soci&eacute;t&eacute; de l&rsquo;Universit&eacute; Don Bosco de Lubumbashi a accueilli la 2ᵉ &eacute;dition des Journ&eacute;es scientifiques sur le th&egrave;me : &laquo; Justice, Paix et Droits : Promouvoir la culture de la paix en RDC &raquo;. Un sujet profond&eacute;ment actuel, choisi pour &eacute;voquer les enjeux d&rsquo;une soci&eacute;t&eacute; congolaise en qu&ecirc;te de paix, de justice et de stabilit&eacute;, mais aussi pour r&eacute;v&eacute;ler l&rsquo;espoir d&rsquo;un peuple tourn&eacute; vers une identit&eacute; commune et un avenir harmonieux. Une journ&eacute;e marqu&eacute;e par des interventions de haut niveau : Des professeurs d&rsquo;universit&eacute;, religieux, chercheurs et &eacute;tudiants se sont r&eacute;unis autour de r&eacute;flexions cl&eacute;s : &laquo; L&rsquo;aspiration &agrave; la paix : fondement anthropologique &raquo; par le P&egrave;re David Mubenga; &laquo; L&rsquo;&eacute;conomie au service de la paix : promouvoir une prosp&eacute;rit&eacute; partag&eacute;e &raquo; par le Prof. F&eacute;lix Kalaba; &laquo; Droits de l&rsquo;homme et justice : leviers de paix en RDC &raquo; par Me. Marla Katapala. Des &eacute;changes nourris ont pr&eacute;c&eacute;d&eacute; un second panel : &laquo; L&rsquo;&eacute;cologie int&eacute;grale au service de la paix durable &raquo; par le P&egrave;re Dieudonn&eacute; Besa; &laquo; La p&eacute;dagogie sal&eacute;sienne : Bons chr&eacute;tiens et honn&ecirc;tes citoyens &raquo; par le P&egrave;re Dieudonn&eacute; Makola; &laquo; L&rsquo;&eacute;ducation &agrave; la paix pour une cohabitation pacifique &raquo; par le P&egrave;re Pierre Maibwe. Enfin, deux conf&eacute;rences de cl&ocirc;ture d\\\'une grande richesse : &laquo; Le r&ocirc;le de l&rsquo;&Eacute;glise dans l&rsquo;&eacute;dification de la paix &raquo; par l\\\'Abb&eacute; Bertin Mpemba &laquo; Quelle diplomatie pour la paix en RDC ? &raquo; du Prof. F&eacute;licien Mulamba. Le mot de cl&ocirc;ture du P&egrave;re Trufon Kilimira, vicaire provincial des Sal&eacute;siens de Don Bosco, a soulign&eacute; la pertinence des &eacute;changes et la profondeur des analyses propos&eacute;es.</p>\', \'2025-06-03 14:21:50\', \'2025-06-03 14:21:50\')', 0)
 2 SYSTEMPATH\Database\BaseConnection.php(722): CodeIgniter\Database\MySQLi\Connection->execute('INSERT INTO `news` (`title`, `content`, `date_added`, `date_updated`) VALUES (\'Journée scientifique à l’Université Don Bosco de Lubumbashi : Réflexion collective pour une paix durable en RDC\', \'<p>Ce samedi 31 mai 2025, la Facult&eacute; des sciences de l&rsquo;homme et de la soci&eacute;t&eacute; de l&rsquo;Universit&eacute; Don Bosco de Lubumbashi a accueilli la 2ᵉ &eacute;dition des Journ&eacute;es scientifiques sur le th&egrave;me : &laquo; Justice, Paix et Droits : Promouvoir la culture de la paix en RDC &raquo;. Un sujet profond&eacute;ment actuel, choisi pour &eacute;voquer les enjeux d&rsquo;une soci&eacute;t&eacute; congolaise en qu&ecirc;te de paix, de justice et de stabilit&eacute;, mais aussi pour r&eacute;v&eacute;ler l&rsquo;espoir d&rsquo;un peuple tourn&eacute; vers une identit&eacute; commune et un avenir harmonieux. Une journ&eacute;e marqu&eacute;e par des interventions de haut niveau : Des professeurs d&rsquo;universit&eacute;, religieux, chercheurs et &eacute;tudiants se sont r&eacute;unis autour de r&eacute;flexions cl&eacute;s : &laquo; L&rsquo;aspiration &agrave; la paix : fondement anthropologique &raquo; par le P&egrave;re David Mubenga; &laquo; L&rsquo;&eacute;conomie au service de la paix : promouvoir une prosp&eacute;rit&eacute; partag&eacute;e &raquo; par le Prof. F&eacute;lix Kalaba; &laquo; Droits de l&rsquo;homme et justice : leviers de paix en RDC &raquo; par Me. Marla Katapala. Des &eacute;changes nourris ont pr&eacute;c&eacute;d&eacute; un second panel : &laquo; L&rsquo;&eacute;cologie int&eacute;grale au service de la paix durable &raquo; par le P&egrave;re Dieudonn&eacute; Besa; &laquo; La p&eacute;dagogie sal&eacute;sienne : Bons chr&eacute;tiens et honn&ecirc;tes citoyens &raquo; par le P&egrave;re Dieudonn&eacute; Makola; &laquo; L&rsquo;&eacute;ducation &agrave; la paix pour une cohabitation pacifique &raquo; par le P&egrave;re Pierre Maibwe. Enfin, deux conf&eacute;rences de cl&ocirc;ture d\\\'une grande richesse : &laquo; Le r&ocirc;le de l&rsquo;&Eacute;glise dans l&rsquo;&eacute;dification de la paix &raquo; par l\\\'Abb&eacute; Bertin Mpemba &laquo; Quelle diplomatie pour la paix en RDC ? &raquo; du Prof. F&eacute;licien Mulamba. Le mot de cl&ocirc;ture du P&egrave;re Trufon Kilimira, vicaire provincial des Sal&eacute;siens de Don Bosco, a soulign&eacute; la pertinence des &eacute;changes et la profondeur des analyses propos&eacute;es.</p>\', \'2025-06-03 14:21:50\', \'2025-06-03 14:21:50\')')
 3 SYSTEMPATH\Database\BaseConnection.php(636): CodeIgniter\Database\BaseConnection->simpleQuery('INSERT INTO `news` (`title`, `content`, `date_added`, `date_updated`) VALUES (\'Journée scientifique à l’Université Don Bosco de Lubumbashi : Réflexion collective pour une paix durable en RDC\', \'<p>Ce samedi 31 mai 2025, la Facult&eacute; des sciences de l&rsquo;homme et de la soci&eacute;t&eacute; de l&rsquo;Universit&eacute; Don Bosco de Lubumbashi a accueilli la 2ᵉ &eacute;dition des Journ&eacute;es scientifiques sur le th&egrave;me : &laquo; Justice, Paix et Droits : Promouvoir la culture de la paix en RDC &raquo;. Un sujet profond&eacute;ment actuel, choisi pour &eacute;voquer les enjeux d&rsquo;une soci&eacute;t&eacute; congolaise en qu&ecirc;te de paix, de justice et de stabilit&eacute;, mais aussi pour r&eacute;v&eacute;ler l&rsquo;espoir d&rsquo;un peuple tourn&eacute; vers une identit&eacute; commune et un avenir harmonieux. Une journ&eacute;e marqu&eacute;e par des interventions de haut niveau : Des professeurs d&rsquo;universit&eacute;, religieux, chercheurs et &eacute;tudiants se sont r&eacute;unis autour de r&eacute;flexions cl&eacute;s : &laquo; L&rsquo;aspiration &agrave; la paix : fondement anthropologique &raquo; par le P&egrave;re David Mubenga; &laquo; L&rsquo;&eacute;conomie au service de la paix : promouvoir une prosp&eacute;rit&eacute; partag&eacute;e &raquo; par le Prof. F&eacute;lix Kalaba; &laquo; Droits de l&rsquo;homme et justice : leviers de paix en RDC &raquo; par Me. Marla Katapala. Des &eacute;changes nourris ont pr&eacute;c&eacute;d&eacute; un second panel : &laquo; L&rsquo;&eacute;cologie int&eacute;grale au service de la paix durable &raquo; par le P&egrave;re Dieudonn&eacute; Besa; &laquo; La p&eacute;dagogie sal&eacute;sienne : Bons chr&eacute;tiens et honn&ecirc;tes citoyens &raquo; par le P&egrave;re Dieudonn&eacute; Makola; &laquo; L&rsquo;&eacute;ducation &agrave; la paix pour une cohabitation pacifique &raquo; par le P&egrave;re Pierre Maibwe. Enfin, deux conf&eacute;rences de cl&ocirc;ture d\\\'une grande richesse : &laquo; Le r&ocirc;le de l&rsquo;&Eacute;glise dans l&rsquo;&eacute;dification de la paix &raquo; par l\\\'Abb&eacute; Bertin Mpemba &laquo; Quelle diplomatie pour la paix en RDC ? &raquo; du Prof. F&eacute;licien Mulamba. Le mot de cl&ocirc;ture du P&egrave;re Trufon Kilimira, vicaire provincial des Sal&eacute;siens de Don Bosco, a soulign&eacute; la pertinence des &eacute;changes et la profondeur des analyses propos&eacute;es.</p>\', \'2025-06-03 14:21:50\', \'2025-06-03 14:21:50\')')
 4 SYSTEMPATH\Database\BaseBuilder.php(2325): CodeIgniter\Database\BaseConnection->query('INSERT INTO `news` (`title`, `content`, `date_added`, `date_updated`) VALUES (:title:, :content:, :date_added:, :date_updated:)', [...], false)
 5 SYSTEMPATH\Model.php(383): CodeIgniter\Database\BaseBuilder->insert()
 6 SYSTEMPATH\BaseModel.php(840): CodeIgniter\Model->doInsert([...])
 7 SYSTEMPATH\Model.php(791): CodeIgniter\BaseModel->insert([...], true)
 8 APPPATH\Controllers\DAO\News.php(73): CodeIgniter\Model->insert([...])
 9 APPPATH\Controllers\dashboard.php(79): App\Controllers\DAO\News::insert([...])
10 SYSTEMPATH\CodeIgniter.php(933): App\Controllers\Dashboard->ajouter()
11 SYSTEMPATH\CodeIgniter.php(509): CodeIgniter\CodeIgniter->runController(Object(App\Controllers\Dashboard))
12 SYSTEMPATH\CodeIgniter.php(355): CodeIgniter\CodeIgniter->handleRequest(null, Object(Config\Cache), false)
13 SYSTEMPATH\Boot.php(312): CodeIgniter\CodeIgniter->run()
14 SYSTEMPATH\Boot.php(67): CodeIgniter\Boot::runCodeIgniter(Object(CodeIgniter\CodeIgniter))
15 FCPATH\index.php(56): CodeIgniter\Boot::bootWeb(Object(Config\Paths))
INFO - 2025-06-03 14:22:17 --> Session: Class initialized using 'CodeIgniter\Session\Handlers\FileHandler' driver.
ERROR - 2025-06-03 14:22:26 --> mysqli_sql_exception: Cannot add or update a child row: a foreign key constraint fails (`asunicaco`.`news`, CONSTRAINT `fk_univ` FOREIGN KEY (`university`) REFERENCES `university` (`id_university`)) in C:\xampp\htdocs\Asunicaco\Backend\system\Database\MySQLi\Connection.php:308
Stack trace:
#0 C:\xampp\htdocs\Asunicaco\Backend\system\Database\MySQLi\Connection.php(308): mysqli->query('INSERT INTO `ne...', 0)
#1 C:\xampp\htdocs\Asunicaco\Backend\system\Database\BaseConnection.php(722): CodeIgniter\Database\MySQLi\Connection->execute('INSERT INTO `ne...')
#2 C:\xampp\htdocs\Asunicaco\Backend\system\Database\BaseConnection.php(636): CodeIgniter\Database\BaseConnection->simpleQuery('INSERT INTO `ne...')
#3 C:\xampp\htdocs\Asunicaco\Backend\system\Database\BaseBuilder.php(2325): CodeIgniter\Database\BaseConnection->query('INSERT INTO `ne...', Array, false)
#4 C:\xampp\htdocs\Asunicaco\Backend\system\Model.php(383): CodeIgniter\Database\BaseBuilder->insert()
#5 C:\xampp\htdocs\Asunicaco\Backend\system\BaseModel.php(840): CodeIgniter\Model->doInsert(Array)
#6 C:\xampp\htdocs\Asunicaco\Backend\system\Model.php(791): CodeIgniter\BaseModel->insert(Array, true)
#7 C:\xampp\htdocs\Asunicaco\Backend\app\Controllers\DAO\News.php(73): CodeIgniter\Model->insert(Array)
#8 C:\xampp\htdocs\Asunicaco\Backend\app\Controllers\dashboard.php(79): App\Controllers\DAO\News::insert(Array)
#9 C:\xampp\htdocs\Asunicaco\Backend\system\CodeIgniter.php(933): App\Controllers\Dashboard->ajouter()
#10 C:\xampp\htdocs\Asunicaco\Backend\system\CodeIgniter.php(509): CodeIgniter\CodeIgniter->runController(Object(App\Controllers\Dashboard))
#11 C:\xampp\htdocs\Asunicaco\Backend\system\CodeIgniter.php(355): CodeIgniter\CodeIgniter->handleRequest(NULL, Object(Config\Cache), false)
#12 C:\xampp\htdocs\Asunicaco\Backend\system\Boot.php(312): CodeIgniter\CodeIgniter->run()
#13 C:\xampp\htdocs\Asunicaco\Backend\system\Boot.php(67): CodeIgniter\Boot::runCodeIgniter(Object(CodeIgniter\CodeIgniter))
#14 C:\xampp\htdocs\Asunicaco\public\index.php(56): CodeIgniter\Boot::bootWeb(Object(Config\Paths))
#15 {main}
CRITICAL - 2025-06-03 14:22:26 --> CodeIgniter\Database\Exceptions\DatabaseException: Cannot add or update a child row: a foreign key constraint fails (`asunicaco`.`news`, CONSTRAINT `fk_univ` FOREIGN KEY (`university`) REFERENCES `university` (`id_university`))
[Method: POST, Route: dashboard/ajouter]
in SYSTEMPATH\Database\BaseConnection.php on line 676.
 1 SYSTEMPATH\Database\BaseBuilder.php(2325): CodeIgniter\Database\BaseConnection->query('INSERT INTO `news` (`title`, `content`, `date_added`, `date_updated`) VALUES (:title:, :content:, :date_added:, :date_updated:)', [...], false)
 2 SYSTEMPATH\Model.php(383): CodeIgniter\Database\BaseBuilder->insert()
 3 SYSTEMPATH\BaseModel.php(840): CodeIgniter\Model->doInsert([...])
 4 SYSTEMPATH\Model.php(791): CodeIgniter\BaseModel->insert([...], true)
 5 APPPATH\Controllers\DAO\News.php(73): CodeIgniter\Model->insert([...])
 6 APPPATH\Controllers\dashboard.php(79): App\Controllers\DAO\News::insert([...])
 7 SYSTEMPATH\CodeIgniter.php(933): App\Controllers\Dashboard->ajouter()
 8 SYSTEMPATH\CodeIgniter.php(509): CodeIgniter\CodeIgniter->runController(Object(App\Controllers\Dashboard))
 9 SYSTEMPATH\CodeIgniter.php(355): CodeIgniter\CodeIgniter->handleRequest(null, Object(Config\Cache), false)
10 SYSTEMPATH\Boot.php(312): CodeIgniter\CodeIgniter->run()
11 SYSTEMPATH\Boot.php(67): CodeIgniter\Boot::runCodeIgniter(Object(CodeIgniter\CodeIgniter))
12 FCPATH\index.php(56): CodeIgniter\Boot::bootWeb(Object(Config\Paths))
CRITICAL - 2025-06-03 14:22:26 --> [Caused by] CodeIgniter\Database\Exceptions\DatabaseException: Cannot add or update a child row: a foreign key constraint fails (`asunicaco`.`news`, CONSTRAINT `fk_univ` FOREIGN KEY (`university`) REFERENCES `university` (`id_university`))
in SYSTEMPATH\Database\MySQLi\Connection.php on line 313.
 1 SYSTEMPATH\Database\BaseConnection.php(722): CodeIgniter\Database\MySQLi\Connection->execute('INSERT INTO `news` (`title`, `content`, `date_added`, `date_updated`) VALUES (\'Journée scientifique à l’Université Don Bosco de Lubumbashi : Réflexion collective pour une paix durable en RDC\', \'<p>Ce samedi 31 mai 2025, la Facult&eacute; des sciences de l&rsquo;homme et de la soci&eacute;t&eacute; de l&rsquo;Universit&eacute; Don Bosco de Lubumbashi a accueilli la 2ᵉ &eacute;dition des Journ&eacute;es scientifiques sur le th&egrave;me : &laquo; Justice, Paix et Droits : Promouvoir la culture de la paix en RDC &raquo;. Un sujet profond&eacute;ment actuel, choisi pour &eacute;voquer les enjeux d&rsquo;une soci&eacute;t&eacute; congolaise en qu&ecirc;te de paix, de justice et de stabilit&eacute;, mais aussi pour r&eacute;v&eacute;ler l&rsquo;espoir d&rsquo;un peuple tourn&eacute; vers une identit&eacute; commune et un avenir harmonieux. Une journ&eacute;e marqu&eacute;e par des interventions de haut niveau : Des professeurs d&rsquo;universit&eacute;, religieux, chercheurs et &eacute;tudiants se sont r&eacute;unis autour de r&eacute;flexions cl&eacute;s : &laquo; L&rsquo;aspiration &agrave; la paix : fondement anthropologique &raquo; par le P&egrave;re David Mubenga; &laquo; L&rsquo;&eacute;conomie au service de la paix : promouvoir une prosp&eacute;rit&eacute; partag&eacute;e &raquo; par le Prof. F&eacute;lix Kalaba; &laquo; Droits de l&rsquo;homme et justice : leviers de paix en RDC &raquo; par Me. Marla Katapala. Des &eacute;changes nourris ont pr&eacute;c&eacute;d&eacute; un second panel : &laquo; L&rsquo;&eacute;cologie int&eacute;grale au service de la paix durable &raquo; par le P&egrave;re Dieudonn&eacute; Besa; &laquo; La p&eacute;dagogie sal&eacute;sienne : Bons chr&eacute;tiens et honn&ecirc;tes citoyens &raquo; par le P&egrave;re Dieudonn&eacute; Makola; &laquo; L&rsquo;&eacute;ducation &agrave; la paix pour une cohabitation pacifique &raquo; par le P&egrave;re Pierre Maibwe. Enfin, deux conf&eacute;rences de cl&ocirc;ture d\\\'une grande richesse : &laquo; Le r&ocirc;le de l&rsquo;&Eacute;glise dans l&rsquo;&eacute;dification de la paix &raquo; par l\\\'Abb&eacute; Bertin Mpemba &laquo; Quelle diplomatie pour la paix en RDC ? &raquo; du Prof. F&eacute;licien Mulamba. Le mot de cl&ocirc;ture du P&egrave;re Trufon Kilimira, vicaire provincial des Sal&eacute;siens de Don Bosco, a soulign&eacute; la pertinence des &eacute;changes et la profondeur des analyses propos&eacute;es.</p>\', \'2025-06-03 14:22:26\', \'2025-06-03 14:22:26\')')
 2 SYSTEMPATH\Database\BaseConnection.php(636): CodeIgniter\Database\BaseConnection->simpleQuery('INSERT INTO `news` (`title`, `content`, `date_added`, `date_updated`) VALUES (\'Journée scientifique à l’Université Don Bosco de Lubumbashi : Réflexion collective pour une paix durable en RDC\', \'<p>Ce samedi 31 mai 2025, la Facult&eacute; des sciences de l&rsquo;homme et de la soci&eacute;t&eacute; de l&rsquo;Universit&eacute; Don Bosco de Lubumbashi a accueilli la 2ᵉ &eacute;dition des Journ&eacute;es scientifiques sur le th&egrave;me : &laquo; Justice, Paix et Droits : Promouvoir la culture de la paix en RDC &raquo;. Un sujet profond&eacute;ment actuel, choisi pour &eacute;voquer les enjeux d&rsquo;une soci&eacute;t&eacute; congolaise en qu&ecirc;te de paix, de justice et de stabilit&eacute;, mais aussi pour r&eacute;v&eacute;ler l&rsquo;espoir d&rsquo;un peuple tourn&eacute; vers une identit&eacute; commune et un avenir harmonieux. Une journ&eacute;e marqu&eacute;e par des interventions de haut niveau : Des professeurs d&rsquo;universit&eacute;, religieux, chercheurs et &eacute;tudiants se sont r&eacute;unis autour de r&eacute;flexions cl&eacute;s : &laquo; L&rsquo;aspiration &agrave; la paix : fondement anthropologique &raquo; par le P&egrave;re David Mubenga; &laquo; L&rsquo;&eacute;conomie au service de la paix : promouvoir une prosp&eacute;rit&eacute; partag&eacute;e &raquo; par le Prof. F&eacute;lix Kalaba; &laquo; Droits de l&rsquo;homme et justice : leviers de paix en RDC &raquo; par Me. Marla Katapala. Des &eacute;changes nourris ont pr&eacute;c&eacute;d&eacute; un second panel : &laquo; L&rsquo;&eacute;cologie int&eacute;grale au service de la paix durable &raquo; par le P&egrave;re Dieudonn&eacute; Besa; &laquo; La p&eacute;dagogie sal&eacute;sienne : Bons chr&eacute;tiens et honn&ecirc;tes citoyens &raquo; par le P&egrave;re Dieudonn&eacute; Makola; &laquo; L&rsquo;&eacute;ducation &agrave; la paix pour une cohabitation pacifique &raquo; par le P&egrave;re Pierre Maibwe. Enfin, deux conf&eacute;rences de cl&ocirc;ture d\\\'une grande richesse : &laquo; Le r&ocirc;le de l&rsquo;&Eacute;glise dans l&rsquo;&eacute;dification de la paix &raquo; par l\\\'Abb&eacute; Bertin Mpemba &laquo; Quelle diplomatie pour la paix en RDC ? &raquo; du Prof. F&eacute;licien Mulamba. Le mot de cl&ocirc;ture du P&egrave;re Trufon Kilimira, vicaire provincial des Sal&eacute;siens de Don Bosco, a soulign&eacute; la pertinence des &eacute;changes et la profondeur des analyses propos&eacute;es.</p>\', \'2025-06-03 14:22:26\', \'2025-06-03 14:22:26\')')
 3 SYSTEMPATH\Database\BaseBuilder.php(2325): CodeIgniter\Database\BaseConnection->query('INSERT INTO `news` (`title`, `content`, `date_added`, `date_updated`) VALUES (:title:, :content:, :date_added:, :date_updated:)', [...], false)
 4 SYSTEMPATH\Model.php(383): CodeIgniter\Database\BaseBuilder->insert()
 5 SYSTEMPATH\BaseModel.php(840): CodeIgniter\Model->doInsert([...])
 6 SYSTEMPATH\Model.php(791): CodeIgniter\BaseModel->insert([...], true)
 7 APPPATH\Controllers\DAO\News.php(73): CodeIgniter\Model->insert([...])
 8 APPPATH\Controllers\dashboard.php(79): App\Controllers\DAO\News::insert([...])
 9 SYSTEMPATH\CodeIgniter.php(933): App\Controllers\Dashboard->ajouter()
10 SYSTEMPATH\CodeIgniter.php(509): CodeIgniter\CodeIgniter->runController(Object(App\Controllers\Dashboard))
11 SYSTEMPATH\CodeIgniter.php(355): CodeIgniter\CodeIgniter->handleRequest(null, Object(Config\Cache), false)
12 SYSTEMPATH\Boot.php(312): CodeIgniter\CodeIgniter->run()
13 SYSTEMPATH\Boot.php(67): CodeIgniter\Boot::runCodeIgniter(Object(CodeIgniter\CodeIgniter))
14 FCPATH\index.php(56): CodeIgniter\Boot::bootWeb(Object(Config\Paths))
CRITICAL - 2025-06-03 14:22:26 --> [Caused by] mysqli_sql_exception: Cannot add or update a child row: a foreign key constraint fails (`asunicaco`.`news`, CONSTRAINT `fk_univ` FOREIGN KEY (`university`) REFERENCES `university` (`id_university`))
in SYSTEMPATH\Database\MySQLi\Connection.php on line 308.
 1 SYSTEMPATH\Database\MySQLi\Connection.php(308): mysqli->query('INSERT INTO `news` (`title`, `content`, `date_added`, `date_updated`) VALUES (\'Journée scientifique à l’Université Don Bosco de Lubumbashi : Réflexion collective pour une paix durable en RDC\', \'<p>Ce samedi 31 mai 2025, la Facult&eacute; des sciences de l&rsquo;homme et de la soci&eacute;t&eacute; de l&rsquo;Universit&eacute; Don Bosco de Lubumbashi a accueilli la 2ᵉ &eacute;dition des Journ&eacute;es scientifiques sur le th&egrave;me : &laquo; Justice, Paix et Droits : Promouvoir la culture de la paix en RDC &raquo;. Un sujet profond&eacute;ment actuel, choisi pour &eacute;voquer les enjeux d&rsquo;une soci&eacute;t&eacute; congolaise en qu&ecirc;te de paix, de justice et de stabilit&eacute;, mais aussi pour r&eacute;v&eacute;ler l&rsquo;espoir d&rsquo;un peuple tourn&eacute; vers une identit&eacute; commune et un avenir harmonieux. Une journ&eacute;e marqu&eacute;e par des interventions de haut niveau : Des professeurs d&rsquo;universit&eacute;, religieux, chercheurs et &eacute;tudiants se sont r&eacute;unis autour de r&eacute;flexions cl&eacute;s : &laquo; L&rsquo;aspiration &agrave; la paix : fondement anthropologique &raquo; par le P&egrave;re David Mubenga; &laquo; L&rsquo;&eacute;conomie au service de la paix : promouvoir une prosp&eacute;rit&eacute; partag&eacute;e &raquo; par le Prof. F&eacute;lix Kalaba; &laquo; Droits de l&rsquo;homme et justice : leviers de paix en RDC &raquo; par Me. Marla Katapala. Des &eacute;changes nourris ont pr&eacute;c&eacute;d&eacute; un second panel : &laquo; L&rsquo;&eacute;cologie int&eacute;grale au service de la paix durable &raquo; par le P&egrave;re Dieudonn&eacute; Besa; &laquo; La p&eacute;dagogie sal&eacute;sienne : Bons chr&eacute;tiens et honn&ecirc;tes citoyens &raquo; par le P&egrave;re Dieudonn&eacute; Makola; &laquo; L&rsquo;&eacute;ducation &agrave; la paix pour une cohabitation pacifique &raquo; par le P&egrave;re Pierre Maibwe. Enfin, deux conf&eacute;rences de cl&ocirc;ture d\\\'une grande richesse : &laquo; Le r&ocirc;le de l&rsquo;&Eacute;glise dans l&rsquo;&eacute;dification de la paix &raquo; par l\\\'Abb&eacute; Bertin Mpemba &laquo; Quelle diplomatie pour la paix en RDC ? &raquo; du Prof. F&eacute;licien Mulamba. Le mot de cl&ocirc;ture du P&egrave;re Trufon Kilimira, vicaire provincial des Sal&eacute;siens de Don Bosco, a soulign&eacute; la pertinence des &eacute;changes et la profondeur des analyses propos&eacute;es.</p>\', \'2025-06-03 14:22:26\', \'2025-06-03 14:22:26\')', 0)
 2 SYSTEMPATH\Database\BaseConnection.php(722): CodeIgniter\Database\MySQLi\Connection->execute('INSERT INTO `news` (`title`, `content`, `date_added`, `date_updated`) VALUES (\'Journée scientifique à l’Université Don Bosco de Lubumbashi : Réflexion collective pour une paix durable en RDC\', \'<p>Ce samedi 31 mai 2025, la Facult&eacute; des sciences de l&rsquo;homme et de la soci&eacute;t&eacute; de l&rsquo;Universit&eacute; Don Bosco de Lubumbashi a accueilli la 2ᵉ &eacute;dition des Journ&eacute;es scientifiques sur le th&egrave;me : &laquo; Justice, Paix et Droits : Promouvoir la culture de la paix en RDC &raquo;. Un sujet profond&eacute;ment actuel, choisi pour &eacute;voquer les enjeux d&rsquo;une soci&eacute;t&eacute; congolaise en qu&ecirc;te de paix, de justice et de stabilit&eacute;, mais aussi pour r&eacute;v&eacute;ler l&rsquo;espoir d&rsquo;un peuple tourn&eacute; vers une identit&eacute; commune et un avenir harmonieux. Une journ&eacute;e marqu&eacute;e par des interventions de haut niveau : Des professeurs d&rsquo;universit&eacute;, religieux, chercheurs et &eacute;tudiants se sont r&eacute;unis autour de r&eacute;flexions cl&eacute;s : &laquo; L&rsquo;aspiration &agrave; la paix : fondement anthropologique &raquo; par le P&egrave;re David Mubenga; &laquo; L&rsquo;&eacute;conomie au service de la paix : promouvoir une prosp&eacute;rit&eacute; partag&eacute;e &raquo; par le Prof. F&eacute;lix Kalaba; &laquo; Droits de l&rsquo;homme et justice : leviers de paix en RDC &raquo; par Me. Marla Katapala. Des &eacute;changes nourris ont pr&eacute;c&eacute;d&eacute; un second panel : &laquo; L&rsquo;&eacute;cologie int&eacute;grale au service de la paix durable &raquo; par le P&egrave;re Dieudonn&eacute; Besa; &laquo; La p&eacute;dagogie sal&eacute;sienne : Bons chr&eacute;tiens et honn&ecirc;tes citoyens &raquo; par le P&egrave;re Dieudonn&eacute; Makola; &laquo; L&rsquo;&eacute;ducation &agrave; la paix pour une cohabitation pacifique &raquo; par le P&egrave;re Pierre Maibwe. Enfin, deux conf&eacute;rences de cl&ocirc;ture d\\\'une grande richesse : &laquo; Le r&ocirc;le de l&rsquo;&Eacute;glise dans l&rsquo;&eacute;dification de la paix &raquo; par l\\\'Abb&eacute; Bertin Mpemba &laquo; Quelle diplomatie pour la paix en RDC ? &raquo; du Prof. F&eacute;licien Mulamba. Le mot de cl&ocirc;ture du P&egrave;re Trufon Kilimira, vicaire provincial des Sal&eacute;siens de Don Bosco, a soulign&eacute; la pertinence des &eacute;changes et la profondeur des analyses propos&eacute;es.</p>\', \'2025-06-03 14:22:26\', \'2025-06-03 14:22:26\')')
 3 SYSTEMPATH\Database\BaseConnection.php(636): CodeIgniter\Database\BaseConnection->simpleQuery('INSERT INTO `news` (`title`, `content`, `date_added`, `date_updated`) VALUES (\'Journée scientifique à l’Université Don Bosco de Lubumbashi : Réflexion collective pour une paix durable en RDC\', \'<p>Ce samedi 31 mai 2025, la Facult&eacute; des sciences de l&rsquo;homme et de la soci&eacute;t&eacute; de l&rsquo;Universit&eacute; Don Bosco de Lubumbashi a accueilli la 2ᵉ &eacute;dition des Journ&eacute;es scientifiques sur le th&egrave;me : &laquo; Justice, Paix et Droits : Promouvoir la culture de la paix en RDC &raquo;. Un sujet profond&eacute;ment actuel, choisi pour &eacute;voquer les enjeux d&rsquo;une soci&eacute;t&eacute; congolaise en qu&ecirc;te de paix, de justice et de stabilit&eacute;, mais aussi pour r&eacute;v&eacute;ler l&rsquo;espoir d&rsquo;un peuple tourn&eacute; vers une identit&eacute; commune et un avenir harmonieux. Une journ&eacute;e marqu&eacute;e par des interventions de haut niveau : Des professeurs d&rsquo;universit&eacute;, religieux, chercheurs et &eacute;tudiants se sont r&eacute;unis autour de r&eacute;flexions cl&eacute;s : &laquo; L&rsquo;aspiration &agrave; la paix : fondement anthropologique &raquo; par le P&egrave;re David Mubenga; &laquo; L&rsquo;&eacute;conomie au service de la paix : promouvoir une prosp&eacute;rit&eacute; partag&eacute;e &raquo; par le Prof. F&eacute;lix Kalaba; &laquo; Droits de l&rsquo;homme et justice : leviers de paix en RDC &raquo; par Me. Marla Katapala. Des &eacute;changes nourris ont pr&eacute;c&eacute;d&eacute; un second panel : &laquo; L&rsquo;&eacute;cologie int&eacute;grale au service de la paix durable &raquo; par le P&egrave;re Dieudonn&eacute; Besa; &laquo; La p&eacute;dagogie sal&eacute;sienne : Bons chr&eacute;tiens et honn&ecirc;tes citoyens &raquo; par le P&egrave;re Dieudonn&eacute; Makola; &laquo; L&rsquo;&eacute;ducation &agrave; la paix pour une cohabitation pacifique &raquo; par le P&egrave;re Pierre Maibwe. Enfin, deux conf&eacute;rences de cl&ocirc;ture d\\\'une grande richesse : &laquo; Le r&ocirc;le de l&rsquo;&Eacute;glise dans l&rsquo;&eacute;dification de la paix &raquo; par l\\\'Abb&eacute; Bertin Mpemba &laquo; Quelle diplomatie pour la paix en RDC ? &raquo; du Prof. F&eacute;licien Mulamba. Le mot de cl&ocirc;ture du P&egrave;re Trufon Kilimira, vicaire provincial des Sal&eacute;siens de Don Bosco, a soulign&eacute; la pertinence des &eacute;changes et la profondeur des analyses propos&eacute;es.</p>\', \'2025-06-03 14:22:26\', \'2025-06-03 14:22:26\')')
 4 SYSTEMPATH\Database\BaseBuilder.php(2325): CodeIgniter\Database\BaseConnection->query('INSERT INTO `news` (`title`, `content`, `date_added`, `date_updated`) VALUES (:title:, :content:, :date_added:, :date_updated:)', [...], false)
 5 SYSTEMPATH\Model.php(383): CodeIgniter\Database\BaseBuilder->insert()
 6 SYSTEMPATH\BaseModel.php(840): CodeIgniter\Model->doInsert([...])
 7 SYSTEMPATH\Model.php(791): CodeIgniter\BaseModel->insert([...], true)
 8 APPPATH\Controllers\DAO\News.php(73): CodeIgniter\Model->insert([...])
 9 APPPATH\Controllers\dashboard.php(79): App\Controllers\DAO\News::insert([...])
10 SYSTEMPATH\CodeIgniter.php(933): App\Controllers\Dashboard->ajouter()
11 SYSTEMPATH\CodeIgniter.php(509): CodeIgniter\CodeIgniter->runController(Object(App\Controllers\Dashboard))
12 SYSTEMPATH\CodeIgniter.php(355): CodeIgniter\CodeIgniter->handleRequest(null, Object(Config\Cache), false)
13 SYSTEMPATH\Boot.php(312): CodeIgniter\CodeIgniter->run()
14 SYSTEMPATH\Boot.php(67): CodeIgniter\Boot::runCodeIgniter(Object(CodeIgniter\CodeIgniter))
15 FCPATH\index.php(56): CodeIgniter\Boot::bootWeb(Object(Config\Paths))
ERROR - 2025-06-03 14:24:01 --> mysqli_sql_exception: Cannot add or update a child row: a foreign key constraint fails (`asunicaco`.`news`, CONSTRAINT `fk_univ` FOREIGN KEY (`university`) REFERENCES `university` (`id_university`)) in C:\xampp\htdocs\Asunicaco\Backend\system\Database\MySQLi\Connection.php:308
Stack trace:
#0 C:\xampp\htdocs\Asunicaco\Backend\system\Database\MySQLi\Connection.php(308): mysqli->query('INSERT INTO `ne...', 0)
#1 C:\xampp\htdocs\Asunicaco\Backend\system\Database\BaseConnection.php(722): CodeIgniter\Database\MySQLi\Connection->execute('INSERT INTO `ne...')
#2 C:\xampp\htdocs\Asunicaco\Backend\system\Database\BaseConnection.php(636): CodeIgniter\Database\BaseConnection->simpleQuery('INSERT INTO `ne...')
#3 C:\xampp\htdocs\Asunicaco\Backend\system\Database\BaseBuilder.php(2325): CodeIgniter\Database\BaseConnection->query('INSERT INTO `ne...', Array, false)
#4 C:\xampp\htdocs\Asunicaco\Backend\system\Model.php(383): CodeIgniter\Database\BaseBuilder->insert()
#5 C:\xampp\htdocs\Asunicaco\Backend\system\BaseModel.php(840): CodeIgniter\Model->doInsert(Array)
#6 C:\xampp\htdocs\Asunicaco\Backend\system\Model.php(791): CodeIgniter\BaseModel->insert(Array, true)
#7 C:\xampp\htdocs\Asunicaco\Backend\app\Controllers\DAO\News.php(73): CodeIgniter\Model->insert(Array)
#8 C:\xampp\htdocs\Asunicaco\Backend\app\Controllers\dashboard.php(79): App\Controllers\DAO\News::insert(Array)
#9 C:\xampp\htdocs\Asunicaco\Backend\system\CodeIgniter.php(933): App\Controllers\Dashboard->ajouter()
#10 C:\xampp\htdocs\Asunicaco\Backend\system\CodeIgniter.php(509): CodeIgniter\CodeIgniter->runController(Object(App\Controllers\Dashboard))
#11 C:\xampp\htdocs\Asunicaco\Backend\system\CodeIgniter.php(355): CodeIgniter\CodeIgniter->handleRequest(NULL, Object(Config\Cache), false)
#12 C:\xampp\htdocs\Asunicaco\Backend\system\Boot.php(312): CodeIgniter\CodeIgniter->run()
#13 C:\xampp\htdocs\Asunicaco\Backend\system\Boot.php(67): CodeIgniter\Boot::runCodeIgniter(Object(CodeIgniter\CodeIgniter))
#14 C:\xampp\htdocs\Asunicaco\public\index.php(56): CodeIgniter\Boot::bootWeb(Object(Config\Paths))
#15 {main}
CRITICAL - 2025-06-03 14:24:01 --> CodeIgniter\Database\Exceptions\DatabaseException: Cannot add or update a child row: a foreign key constraint fails (`asunicaco`.`news`, CONSTRAINT `fk_univ` FOREIGN KEY (`university`) REFERENCES `university` (`id_university`))
[Method: POST, Route: dashboard/ajouter]
in SYSTEMPATH\Database\BaseConnection.php on line 676.
 1 SYSTEMPATH\Database\BaseBuilder.php(2325): CodeIgniter\Database\BaseConnection->query('INSERT INTO `news` (`title`, `content`, `date_added`, `date_updated`) VALUES (:title:, :content:, :date_added:, :date_updated:)', [...], false)
 2 SYSTEMPATH\Model.php(383): CodeIgniter\Database\BaseBuilder->insert()
 3 SYSTEMPATH\BaseModel.php(840): CodeIgniter\Model->doInsert([...])
 4 SYSTEMPATH\Model.php(791): CodeIgniter\BaseModel->insert([...], true)
 5 APPPATH\Controllers\DAO\News.php(73): CodeIgniter\Model->insert([...])
 6 APPPATH\Controllers\dashboard.php(79): App\Controllers\DAO\News::insert([...])
 7 SYSTEMPATH\CodeIgniter.php(933): App\Controllers\Dashboard->ajouter()
 8 SYSTEMPATH\CodeIgniter.php(509): CodeIgniter\CodeIgniter->runController(Object(App\Controllers\Dashboard))
 9 SYSTEMPATH\CodeIgniter.php(355): CodeIgniter\CodeIgniter->handleRequest(null, Object(Config\Cache), false)
10 SYSTEMPATH\Boot.php(312): CodeIgniter\CodeIgniter->run()
11 SYSTEMPATH\Boot.php(67): CodeIgniter\Boot::runCodeIgniter(Object(CodeIgniter\CodeIgniter))
12 FCPATH\index.php(56): CodeIgniter\Boot::bootWeb(Object(Config\Paths))
CRITICAL - 2025-06-03 14:24:01 --> [Caused by] CodeIgniter\Database\Exceptions\DatabaseException: Cannot add or update a child row: a foreign key constraint fails (`asunicaco`.`news`, CONSTRAINT `fk_univ` FOREIGN KEY (`university`) REFERENCES `university` (`id_university`))
in SYSTEMPATH\Database\MySQLi\Connection.php on line 313.
 1 SYSTEMPATH\Database\BaseConnection.php(722): CodeIgniter\Database\MySQLi\Connection->execute('INSERT INTO `news` (`title`, `content`, `date_added`, `date_updated`) VALUES (\'Journée scientifique à l’Université Don Bosco de Lubumbashi : Réflexion collective pour une paix durable en RDC\', \'<p>Ce samedi 31 mai 2025, la Facult&eacute; des sciences de l&rsquo;homme et de la soci&eacute;t&eacute; de l&rsquo;Universit&eacute; Don Bosco de Lubumbashi a accueilli la 2ᵉ &eacute;dition des Journ&eacute;es scientifiques sur le th&egrave;me : &laquo; Justice, Paix et Droits : Promouvoir la culture de la paix en RDC &raquo;. Un sujet profond&eacute;ment actuel, choisi pour &eacute;voquer les enjeux d&rsquo;une soci&eacute;t&eacute; congolaise en qu&ecirc;te de paix, de justice et de stabilit&eacute;, mais aussi pour r&eacute;v&eacute;ler l&rsquo;espoir d&rsquo;un peuple tourn&eacute; vers une identit&eacute; commune et un avenir harmonieux. Une journ&eacute;e marqu&eacute;e par des interventions de haut niveau : Des professeurs d&rsquo;universit&eacute;, religieux, chercheurs et &eacute;tudiants se sont r&eacute;unis autour de r&eacute;flexions cl&eacute;s : &laquo; L&rsquo;aspiration &agrave; la paix : fondement anthropologique &raquo; par le P&egrave;re David Mubenga; &laquo; L&rsquo;&eacute;conomie au service de la paix : promouvoir une prosp&eacute;rit&eacute; partag&eacute;e &raquo; par le Prof. F&eacute;lix Kalaba; &laquo; Droits de l&rsquo;homme et justice : leviers de paix en RDC &raquo; par Me. Marla Katapala. Des &eacute;changes nourris ont pr&eacute;c&eacute;d&eacute; un second panel : &laquo; L&rsquo;&eacute;cologie int&eacute;grale au service de la paix durable &raquo; par le P&egrave;re Dieudonn&eacute; Besa; &laquo; La p&eacute;dagogie sal&eacute;sienne : Bons chr&eacute;tiens et honn&ecirc;tes citoyens &raquo; par le P&egrave;re Dieudonn&eacute; Makola; &laquo; L&rsquo;&eacute;ducation &agrave; la paix pour une cohabitation pacifique &raquo; par le P&egrave;re Pierre Maibwe. Enfin, deux conf&eacute;rences de cl&ocirc;ture d\\\'une grande richesse : &laquo; Le r&ocirc;le de l&rsquo;&Eacute;glise dans l&rsquo;&eacute;dification de la paix &raquo; par l\\\'Abb&eacute; Bertin Mpemba &laquo; Quelle diplomatie pour la paix en RDC ? &raquo; du Prof. F&eacute;licien Mulamba. Le mot de cl&ocirc;ture du P&egrave;re Trufon Kilimira, vicaire provincial des Sal&eacute;siens de Don Bosco, a soulign&eacute; la pertinence des &eacute;changes et la profondeur des analyses propos&eacute;es.</p>\', \'2025-06-03 14:24:01\', \'2025-06-03 14:24:01\')')
 2 SYSTEMPATH\Database\BaseConnection.php(636): CodeIgniter\Database\BaseConnection->simpleQuery('INSERT INTO `news` (`title`, `content`, `date_added`, `date_updated`) VALUES (\'Journée scientifique à l’Université Don Bosco de Lubumbashi : Réflexion collective pour une paix durable en RDC\', \'<p>Ce samedi 31 mai 2025, la Facult&eacute; des sciences de l&rsquo;homme et de la soci&eacute;t&eacute; de l&rsquo;Universit&eacute; Don Bosco de Lubumbashi a accueilli la 2ᵉ &eacute;dition des Journ&eacute;es scientifiques sur le th&egrave;me : &laquo; Justice, Paix et Droits : Promouvoir la culture de la paix en RDC &raquo;. Un sujet profond&eacute;ment actuel, choisi pour &eacute;voquer les enjeux d&rsquo;une soci&eacute;t&eacute; congolaise en qu&ecirc;te de paix, de justice et de stabilit&eacute;, mais aussi pour r&eacute;v&eacute;ler l&rsquo;espoir d&rsquo;un peuple tourn&eacute; vers une identit&eacute; commune et un avenir harmonieux. Une journ&eacute;e marqu&eacute;e par des interventions de haut niveau : Des professeurs d&rsquo;universit&eacute;, religieux, chercheurs et &eacute;tudiants se sont r&eacute;unis autour de r&eacute;flexions cl&eacute;s : &laquo; L&rsquo;aspiration &agrave; la paix : fondement anthropologique &raquo; par le P&egrave;re David Mubenga; &laquo; L&rsquo;&eacute;conomie au service de la paix : promouvoir une prosp&eacute;rit&eacute; partag&eacute;e &raquo; par le Prof. F&eacute;lix Kalaba; &laquo; Droits de l&rsquo;homme et justice : leviers de paix en RDC &raquo; par Me. Marla Katapala. Des &eacute;changes nourris ont pr&eacute;c&eacute;d&eacute; un second panel : &laquo; L&rsquo;&eacute;cologie int&eacute;grale au service de la paix durable &raquo; par le P&egrave;re Dieudonn&eacute; Besa; &laquo; La p&eacute;dagogie sal&eacute;sienne : Bons chr&eacute;tiens et honn&ecirc;tes citoyens &raquo; par le P&egrave;re Dieudonn&eacute; Makola; &laquo; L&rsquo;&eacute;ducation &agrave; la paix pour une cohabitation pacifique &raquo; par le P&egrave;re Pierre Maibwe. Enfin, deux conf&eacute;rences de cl&ocirc;ture d\\\'une grande richesse : &laquo; Le r&ocirc;le de l&rsquo;&Eacute;glise dans l&rsquo;&eacute;dification de la paix &raquo; par l\\\'Abb&eacute; Bertin Mpemba &laquo; Quelle diplomatie pour la paix en RDC ? &raquo; du Prof. F&eacute;licien Mulamba. Le mot de cl&ocirc;ture du P&egrave;re Trufon Kilimira, vicaire provincial des Sal&eacute;siens de Don Bosco, a soulign&eacute; la pertinence des &eacute;changes et la profondeur des analyses propos&eacute;es.</p>\', \'2025-06-03 14:24:01\', \'2025-06-03 14:24:01\')')
 3 SYSTEMPATH\Database\BaseBuilder.php(2325): CodeIgniter\Database\BaseConnection->query('INSERT INTO `news` (`title`, `content`, `date_added`, `date_updated`) VALUES (:title:, :content:, :date_added:, :date_updated:)', [...], false)
 4 SYSTEMPATH\Model.php(383): CodeIgniter\Database\BaseBuilder->insert()
 5 SYSTEMPATH\BaseModel.php(840): CodeIgniter\Model->doInsert([...])
 6 SYSTEMPATH\Model.php(791): CodeIgniter\BaseModel->insert([...], true)
 7 APPPATH\Controllers\DAO\News.php(73): CodeIgniter\Model->insert([...])
 8 APPPATH\Controllers\dashboard.php(79): App\Controllers\DAO\News::insert([...])
 9 SYSTEMPATH\CodeIgniter.php(933): App\Controllers\Dashboard->ajouter()
10 SYSTEMPATH\CodeIgniter.php(509): CodeIgniter\CodeIgniter->runController(Object(App\Controllers\Dashboard))
11 SYSTEMPATH\CodeIgniter.php(355): CodeIgniter\CodeIgniter->handleRequest(null, Object(Config\Cache), false)
12 SYSTEMPATH\Boot.php(312): CodeIgniter\CodeIgniter->run()
13 SYSTEMPATH\Boot.php(67): CodeIgniter\Boot::runCodeIgniter(Object(CodeIgniter\CodeIgniter))
14 FCPATH\index.php(56): CodeIgniter\Boot::bootWeb(Object(Config\Paths))
CRITICAL - 2025-06-03 14:24:01 --> [Caused by] mysqli_sql_exception: Cannot add or update a child row: a foreign key constraint fails (`asunicaco`.`news`, CONSTRAINT `fk_univ` FOREIGN KEY (`university`) REFERENCES `university` (`id_university`))
in SYSTEMPATH\Database\MySQLi\Connection.php on line 308.
 1 SYSTEMPATH\Database\MySQLi\Connection.php(308): mysqli->query('INSERT INTO `news` (`title`, `content`, `date_added`, `date_updated`) VALUES (\'Journée scientifique à l’Université Don Bosco de Lubumbashi : Réflexion collective pour une paix durable en RDC\', \'<p>Ce samedi 31 mai 2025, la Facult&eacute; des sciences de l&rsquo;homme et de la soci&eacute;t&eacute; de l&rsquo;Universit&eacute; Don Bosco de Lubumbashi a accueilli la 2ᵉ &eacute;dition des Journ&eacute;es scientifiques sur le th&egrave;me : &laquo; Justice, Paix et Droits : Promouvoir la culture de la paix en RDC &raquo;. Un sujet profond&eacute;ment actuel, choisi pour &eacute;voquer les enjeux d&rsquo;une soci&eacute;t&eacute; congolaise en qu&ecirc;te de paix, de justice et de stabilit&eacute;, mais aussi pour r&eacute;v&eacute;ler l&rsquo;espoir d&rsquo;un peuple tourn&eacute; vers une identit&eacute; commune et un avenir harmonieux. Une journ&eacute;e marqu&eacute;e par des interventions de haut niveau : Des professeurs d&rsquo;universit&eacute;, religieux, chercheurs et &eacute;tudiants se sont r&eacute;unis autour de r&eacute;flexions cl&eacute;s : &laquo; L&rsquo;aspiration &agrave; la paix : fondement anthropologique &raquo; par le P&egrave;re David Mubenga; &laquo; L&rsquo;&eacute;conomie au service de la paix : promouvoir une prosp&eacute;rit&eacute; partag&eacute;e &raquo; par le Prof. F&eacute;lix Kalaba; &laquo; Droits de l&rsquo;homme et justice : leviers de paix en RDC &raquo; par Me. Marla Katapala. Des &eacute;changes nourris ont pr&eacute;c&eacute;d&eacute; un second panel : &laquo; L&rsquo;&eacute;cologie int&eacute;grale au service de la paix durable &raquo; par le P&egrave;re Dieudonn&eacute; Besa; &laquo; La p&eacute;dagogie sal&eacute;sienne : Bons chr&eacute;tiens et honn&ecirc;tes citoyens &raquo; par le P&egrave;re Dieudonn&eacute; Makola; &laquo; L&rsquo;&eacute;ducation &agrave; la paix pour une cohabitation pacifique &raquo; par le P&egrave;re Pierre Maibwe. Enfin, deux conf&eacute;rences de cl&ocirc;ture d\\\'une grande richesse : &laquo; Le r&ocirc;le de l&rsquo;&Eacute;glise dans l&rsquo;&eacute;dification de la paix &raquo; par l\\\'Abb&eacute; Bertin Mpemba &laquo; Quelle diplomatie pour la paix en RDC ? &raquo; du Prof. F&eacute;licien Mulamba. Le mot de cl&ocirc;ture du P&egrave;re Trufon Kilimira, vicaire provincial des Sal&eacute;siens de Don Bosco, a soulign&eacute; la pertinence des &eacute;changes et la profondeur des analyses propos&eacute;es.</p>\', \'2025-06-03 14:24:01\', \'2025-06-03 14:24:01\')', 0)
 2 SYSTEMPATH\Database\BaseConnection.php(722): CodeIgniter\Database\MySQLi\Connection->execute('INSERT INTO `news` (`title`, `content`, `date_added`, `date_updated`) VALUES (\'Journée scientifique à l’Université Don Bosco de Lubumbashi : Réflexion collective pour une paix durable en RDC\', \'<p>Ce samedi 31 mai 2025, la Facult&eacute; des sciences de l&rsquo;homme et de la soci&eacute;t&eacute; de l&rsquo;Universit&eacute; Don Bosco de Lubumbashi a accueilli la 2ᵉ &eacute;dition des Journ&eacute;es scientifiques sur le th&egrave;me : &laquo; Justice, Paix et Droits : Promouvoir la culture de la paix en RDC &raquo;. Un sujet profond&eacute;ment actuel, choisi pour &eacute;voquer les enjeux d&rsquo;une soci&eacute;t&eacute; congolaise en qu&ecirc;te de paix, de justice et de stabilit&eacute;, mais aussi pour r&eacute;v&eacute;ler l&rsquo;espoir d&rsquo;un peuple tourn&eacute; vers une identit&eacute; commune et un avenir harmonieux. Une journ&eacute;e marqu&eacute;e par des interventions de haut niveau : Des professeurs d&rsquo;universit&eacute;, religieux, chercheurs et &eacute;tudiants se sont r&eacute;unis autour de r&eacute;flexions cl&eacute;s : &laquo; L&rsquo;aspiration &agrave; la paix : fondement anthropologique &raquo; par le P&egrave;re David Mubenga; &laquo; L&rsquo;&eacute;conomie au service de la paix : promouvoir une prosp&eacute;rit&eacute; partag&eacute;e &raquo; par le Prof. F&eacute;lix Kalaba; &laquo; Droits de l&rsquo;homme et justice : leviers de paix en RDC &raquo; par Me. Marla Katapala. Des &eacute;changes nourris ont pr&eacute;c&eacute;d&eacute; un second panel : &laquo; L&rsquo;&eacute;cologie int&eacute;grale au service de la paix durable &raquo; par le P&egrave;re Dieudonn&eacute; Besa; &laquo; La p&eacute;dagogie sal&eacute;sienne : Bons chr&eacute;tiens et honn&ecirc;tes citoyens &raquo; par le P&egrave;re Dieudonn&eacute; Makola; &laquo; L&rsquo;&eacute;ducation &agrave; la paix pour une cohabitation pacifique &raquo; par le P&egrave;re Pierre Maibwe. Enfin, deux conf&eacute;rences de cl&ocirc;ture d\\\'une grande richesse : &laquo; Le r&ocirc;le de l&rsquo;&Eacute;glise dans l&rsquo;&eacute;dification de la paix &raquo; par l\\\'Abb&eacute; Bertin Mpemba &laquo; Quelle diplomatie pour la paix en RDC ? &raquo; du Prof. F&eacute;licien Mulamba. Le mot de cl&ocirc;ture du P&egrave;re Trufon Kilimira, vicaire provincial des Sal&eacute;siens de Don Bosco, a soulign&eacute; la pertinence des &eacute;changes et la profondeur des analyses propos&eacute;es.</p>\', \'2025-06-03 14:24:01\', \'2025-06-03 14:24:01\')')
 3 SYSTEMPATH\Database\BaseConnection.php(636): CodeIgniter\Database\BaseConnection->simpleQuery('INSERT INTO `news` (`title`, `content`, `date_added`, `date_updated`) VALUES (\'Journée scientifique à l’Université Don Bosco de Lubumbashi : Réflexion collective pour une paix durable en RDC\', \'<p>Ce samedi 31 mai 2025, la Facult&eacute; des sciences de l&rsquo;homme et de la soci&eacute;t&eacute; de l&rsquo;Universit&eacute; Don Bosco de Lubumbashi a accueilli la 2ᵉ &eacute;dition des Journ&eacute;es scientifiques sur le th&egrave;me : &laquo; Justice, Paix et Droits : Promouvoir la culture de la paix en RDC &raquo;. Un sujet profond&eacute;ment actuel, choisi pour &eacute;voquer les enjeux d&rsquo;une soci&eacute;t&eacute; congolaise en qu&ecirc;te de paix, de justice et de stabilit&eacute;, mais aussi pour r&eacute;v&eacute;ler l&rsquo;espoir d&rsquo;un peuple tourn&eacute; vers une identit&eacute; commune et un avenir harmonieux. Une journ&eacute;e marqu&eacute;e par des interventions de haut niveau : Des professeurs d&rsquo;universit&eacute;, religieux, chercheurs et &eacute;tudiants se sont r&eacute;unis autour de r&eacute;flexions cl&eacute;s : &laquo; L&rsquo;aspiration &agrave; la paix : fondement anthropologique &raquo; par le P&egrave;re David Mubenga; &laquo; L&rsquo;&eacute;conomie au service de la paix : promouvoir une prosp&eacute;rit&eacute; partag&eacute;e &raquo; par le Prof. F&eacute;lix Kalaba; &laquo; Droits de l&rsquo;homme et justice : leviers de paix en RDC &raquo; par Me. Marla Katapala. Des &eacute;changes nourris ont pr&eacute;c&eacute;d&eacute; un second panel : &laquo; L&rsquo;&eacute;cologie int&eacute;grale au service de la paix durable &raquo; par le P&egrave;re Dieudonn&eacute; Besa; &laquo; La p&eacute;dagogie sal&eacute;sienne : Bons chr&eacute;tiens et honn&ecirc;tes citoyens &raquo; par le P&egrave;re Dieudonn&eacute; Makola; &laquo; L&rsquo;&eacute;ducation &agrave; la paix pour une cohabitation pacifique &raquo; par le P&egrave;re Pierre Maibwe. Enfin, deux conf&eacute;rences de cl&ocirc;ture d\\\'une grande richesse : &laquo; Le r&ocirc;le de l&rsquo;&Eacute;glise dans l&rsquo;&eacute;dification de la paix &raquo; par l\\\'Abb&eacute; Bertin Mpemba &laquo; Quelle diplomatie pour la paix en RDC ? &raquo; du Prof. F&eacute;licien Mulamba. Le mot de cl&ocirc;ture du P&egrave;re Trufon Kilimira, vicaire provincial des Sal&eacute;siens de Don Bosco, a soulign&eacute; la pertinence des &eacute;changes et la profondeur des analyses propos&eacute;es.</p>\', \'2025-06-03 14:24:01\', \'2025-06-03 14:24:01\')')
 4 SYSTEMPATH\Database\BaseBuilder.php(2325): CodeIgniter\Database\BaseConnection->query('INSERT INTO `news` (`title`, `content`, `date_added`, `date_updated`) VALUES (:title:, :content:, :date_added:, :date_updated:)', [...], false)
 5 SYSTEMPATH\Model.php(383): CodeIgniter\Database\BaseBuilder->insert()
 6 SYSTEMPATH\BaseModel.php(840): CodeIgniter\Model->doInsert([...])
 7 SYSTEMPATH\Model.php(791): CodeIgniter\BaseModel->insert([...], true)
 8 APPPATH\Controllers\DAO\News.php(73): CodeIgniter\Model->insert([...])
 9 APPPATH\Controllers\dashboard.php(79): App\Controllers\DAO\News::insert([...])
10 SYSTEMPATH\CodeIgniter.php(933): App\Controllers\Dashboard->ajouter()
11 SYSTEMPATH\CodeIgniter.php(509): CodeIgniter\CodeIgniter->runController(Object(App\Controllers\Dashboard))
12 SYSTEMPATH\CodeIgniter.php(355): CodeIgniter\CodeIgniter->handleRequest(null, Object(Config\Cache), false)
13 SYSTEMPATH\Boot.php(312): CodeIgniter\CodeIgniter->run()
14 SYSTEMPATH\Boot.php(67): CodeIgniter\Boot::runCodeIgniter(Object(CodeIgniter\CodeIgniter))
15 FCPATH\index.php(56): CodeIgniter\Boot::bootWeb(Object(Config\Paths))
INFO - 2025-06-03 14:25:33 --> Session: Class initialized using 'CodeIgniter\Session\Handlers\FileHandler' driver.
INFO - 2025-06-03 14:25:44 --> Session: Class initialized using 'CodeIgniter\Session\Handlers\FileHandler' driver.
ERROR - 2025-06-03 14:26:28 --> mysqli_sql_exception: Cannot add or update a child row: a foreign key constraint fails (`asunicaco`.`news`, CONSTRAINT `fk_univ` FOREIGN KEY (`university`) REFERENCES `university` (`id_university`)) in C:\xampp\htdocs\Asunicaco\Backend\system\Database\MySQLi\Connection.php:308
Stack trace:
#0 C:\xampp\htdocs\Asunicaco\Backend\system\Database\MySQLi\Connection.php(308): mysqli->query('INSERT INTO `ne...', 0)
#1 C:\xampp\htdocs\Asunicaco\Backend\system\Database\BaseConnection.php(722): CodeIgniter\Database\MySQLi\Connection->execute('INSERT INTO `ne...')
#2 C:\xampp\htdocs\Asunicaco\Backend\system\Database\BaseConnection.php(636): CodeIgniter\Database\BaseConnection->simpleQuery('INSERT INTO `ne...')
#3 C:\xampp\htdocs\Asunicaco\Backend\system\Database\BaseBuilder.php(2325): CodeIgniter\Database\BaseConnection->query('INSERT INTO `ne...', Array, false)
#4 C:\xampp\htdocs\Asunicaco\Backend\system\Model.php(383): CodeIgniter\Database\BaseBuilder->insert()
#5 C:\xampp\htdocs\Asunicaco\Backend\system\BaseModel.php(840): CodeIgniter\Model->doInsert(Array)
#6 C:\xampp\htdocs\Asunicaco\Backend\system\Model.php(791): CodeIgniter\BaseModel->insert(Array, true)
#7 C:\xampp\htdocs\Asunicaco\Backend\app\Controllers\DAO\News.php(73): CodeIgniter\Model->insert(Array)
#8 C:\xampp\htdocs\Asunicaco\Backend\app\Controllers\dashboard.php(79): App\Controllers\DAO\News::insert(Array)
#9 C:\xampp\htdocs\Asunicaco\Backend\system\CodeIgniter.php(933): App\Controllers\Dashboard->ajouter()
#10 C:\xampp\htdocs\Asunicaco\Backend\system\CodeIgniter.php(509): CodeIgniter\CodeIgniter->runController(Object(App\Controllers\Dashboard))
#11 C:\xampp\htdocs\Asunicaco\Backend\system\CodeIgniter.php(355): CodeIgniter\CodeIgniter->handleRequest(NULL, Object(Config\Cache), false)
#12 C:\xampp\htdocs\Asunicaco\Backend\system\Boot.php(312): CodeIgniter\CodeIgniter->run()
#13 C:\xampp\htdocs\Asunicaco\Backend\system\Boot.php(67): CodeIgniter\Boot::runCodeIgniter(Object(CodeIgniter\CodeIgniter))
#14 C:\xampp\htdocs\Asunicaco\public\index.php(56): CodeIgniter\Boot::bootWeb(Object(Config\Paths))
#15 {main}
CRITICAL - 2025-06-03 14:26:28 --> CodeIgniter\Database\Exceptions\DatabaseException: Cannot add or update a child row: a foreign key constraint fails (`asunicaco`.`news`, CONSTRAINT `fk_univ` FOREIGN KEY (`university`) REFERENCES `university` (`id_university`))
[Method: POST, Route: dashboard/ajouter]
in SYSTEMPATH\Database\BaseConnection.php on line 676.
 1 SYSTEMPATH\Database\BaseBuilder.php(2325): CodeIgniter\Database\BaseConnection->query('INSERT INTO `news` (`title`, `content`, `date_added`, `date_updated`) VALUES (:title:, :content:, :date_added:, :date_updated:)', [...], false)
 2 SYSTEMPATH\Model.php(383): CodeIgniter\Database\BaseBuilder->insert()
 3 SYSTEMPATH\BaseModel.php(840): CodeIgniter\Model->doInsert([...])
 4 SYSTEMPATH\Model.php(791): CodeIgniter\BaseModel->insert([...], true)
 5 APPPATH\Controllers\DAO\News.php(73): CodeIgniter\Model->insert([...])
 6 APPPATH\Controllers\dashboard.php(79): App\Controllers\DAO\News::insert([...])
 7 SYSTEMPATH\CodeIgniter.php(933): App\Controllers\Dashboard->ajouter()
 8 SYSTEMPATH\CodeIgniter.php(509): CodeIgniter\CodeIgniter->runController(Object(App\Controllers\Dashboard))
 9 SYSTEMPATH\CodeIgniter.php(355): CodeIgniter\CodeIgniter->handleRequest(null, Object(Config\Cache), false)
10 SYSTEMPATH\Boot.php(312): CodeIgniter\CodeIgniter->run()
11 SYSTEMPATH\Boot.php(67): CodeIgniter\Boot::runCodeIgniter(Object(CodeIgniter\CodeIgniter))
12 FCPATH\index.php(56): CodeIgniter\Boot::bootWeb(Object(Config\Paths))
CRITICAL - 2025-06-03 14:26:28 --> [Caused by] CodeIgniter\Database\Exceptions\DatabaseException: Cannot add or update a child row: a foreign key constraint fails (`asunicaco`.`news`, CONSTRAINT `fk_univ` FOREIGN KEY (`university`) REFERENCES `university` (`id_university`))
in SYSTEMPATH\Database\MySQLi\Connection.php on line 313.
 1 SYSTEMPATH\Database\BaseConnection.php(722): CodeIgniter\Database\MySQLi\Connection->execute('INSERT INTO `news` (`title`, `content`, `date_added`, `date_updated`) VALUES (\'Journée scientifique à l’Université Don Bosco de Lubumbashi : Réflexion collective pour une paix durable en RDC\', \'Ce samedi 31 mai 2025, la Faculté des sciences de l’homme et de la société de l’Université Don Bosco de Lubumbashi a accueilli la 2ᵉ édition des Journées scientifiques sur le thème : « Justice, Paix et Droits : Promouvoir la culture de la paix en RDC ». Un sujet profondément actuel, choisi pour évoquer les enjeux d’une société congolaise en quête de paix, de justice et de stabilité, mais aussi pour révéler l’espoir d’un peuple tourné vers une identité commune et un avenir harmonieux. \\r\\n\\r\\nUne journée marquée par des interventions de haut niveau : Des professeurs d’université, religieux, chercheurs et étudiants se sont réunis autour de réflexions clés :  « L’aspiration à la paix : fondement anthropologique » par le Père David Mubenga; \\r\\n« L’économie au service de la paix : promouvoir une prospérité partagée » par le Prof. Félix Kalaba; \\r\\n« Droits de l’homme et justice : leviers de paix en RDC » par Me. Marla Katapala. \\r\\n Des échanges nourris ont précédé un second panel :  « L’écologie intégrale au service de la paix durable » par le Père Dieudonné Besa; \\r\\n« La pédagogie salésienne : Bons chrétiens et honnêtes citoyens » par le Père Dieudonné Makola; \\r\\n« L’éducation à la paix pour une cohabitation pacifique » par le Père Pierre Maibwe.\\r\\n\\r\\nEnfin, deux conférences de clôture d\\\'une grande richesse :  « Le rôle de l’Église dans l’édification de la paix » par l\\\'Abbé Bertin Mpemba « Quelle diplomatie pour la paix en RDC ? » du Prof. Félicien Mulamba. Le mot de clôture du Père Trufon Kilimira, vicaire provincial des Salésiens de Don Bosco, a souligné la pertinence des échanges et la profondeur des analyses proposées. \\r\\n\', \'2025-06-03 14:26:28\', \'2025-06-03 14:26:28\')')
 2 SYSTEMPATH\Database\BaseConnection.php(636): CodeIgniter\Database\BaseConnection->simpleQuery('INSERT INTO `news` (`title`, `content`, `date_added`, `date_updated`) VALUES (\'Journée scientifique à l’Université Don Bosco de Lubumbashi : Réflexion collective pour une paix durable en RDC\', \'Ce samedi 31 mai 2025, la Faculté des sciences de l’homme et de la société de l’Université Don Bosco de Lubumbashi a accueilli la 2ᵉ édition des Journées scientifiques sur le thème : « Justice, Paix et Droits : Promouvoir la culture de la paix en RDC ». Un sujet profondément actuel, choisi pour évoquer les enjeux d’une société congolaise en quête de paix, de justice et de stabilité, mais aussi pour révéler l’espoir d’un peuple tourné vers une identité commune et un avenir harmonieux. \\r\\n\\r\\nUne journée marquée par des interventions de haut niveau : Des professeurs d’université, religieux, chercheurs et étudiants se sont réunis autour de réflexions clés :  « L’aspiration à la paix : fondement anthropologique » par le Père David Mubenga; \\r\\n« L’économie au service de la paix : promouvoir une prospérité partagée » par le Prof. Félix Kalaba; \\r\\n« Droits de l’homme et justice : leviers de paix en RDC » par Me. Marla Katapala. \\r\\n Des échanges nourris ont précédé un second panel :  « L’écologie intégrale au service de la paix durable » par le Père Dieudonné Besa; \\r\\n« La pédagogie salésienne : Bons chrétiens et honnêtes citoyens » par le Père Dieudonné Makola; \\r\\n« L’éducation à la paix pour une cohabitation pacifique » par le Père Pierre Maibwe.\\r\\n\\r\\nEnfin, deux conférences de clôture d\\\'une grande richesse :  « Le rôle de l’Église dans l’édification de la paix » par l\\\'Abbé Bertin Mpemba « Quelle diplomatie pour la paix en RDC ? » du Prof. Félicien Mulamba. Le mot de clôture du Père Trufon Kilimira, vicaire provincial des Salésiens de Don Bosco, a souligné la pertinence des échanges et la profondeur des analyses proposées. \\r\\n\', \'2025-06-03 14:26:28\', \'2025-06-03 14:26:28\')')
 3 SYSTEMPATH\Database\BaseBuilder.php(2325): CodeIgniter\Database\BaseConnection->query('INSERT INTO `news` (`title`, `content`, `date_added`, `date_updated`) VALUES (:title:, :content:, :date_added:, :date_updated:)', [...], false)
 4 SYSTEMPATH\Model.php(383): CodeIgniter\Database\BaseBuilder->insert()
 5 SYSTEMPATH\BaseModel.php(840): CodeIgniter\Model->doInsert([...])
 6 SYSTEMPATH\Model.php(791): CodeIgniter\BaseModel->insert([...], true)
 7 APPPATH\Controllers\DAO\News.php(73): CodeIgniter\Model->insert([...])
 8 APPPATH\Controllers\dashboard.php(79): App\Controllers\DAO\News::insert([...])
 9 SYSTEMPATH\CodeIgniter.php(933): App\Controllers\Dashboard->ajouter()
10 SYSTEMPATH\CodeIgniter.php(509): CodeIgniter\CodeIgniter->runController(Object(App\Controllers\Dashboard))
11 SYSTEMPATH\CodeIgniter.php(355): CodeIgniter\CodeIgniter->handleRequest(null, Object(Config\Cache), false)
12 SYSTEMPATH\Boot.php(312): CodeIgniter\CodeIgniter->run()
13 SYSTEMPATH\Boot.php(67): CodeIgniter\Boot::runCodeIgniter(Object(CodeIgniter\CodeIgniter))
14 FCPATH\index.php(56): CodeIgniter\Boot::bootWeb(Object(Config\Paths))
CRITICAL - 2025-06-03 14:26:28 --> [Caused by] mysqli_sql_exception: Cannot add or update a child row: a foreign key constraint fails (`asunicaco`.`news`, CONSTRAINT `fk_univ` FOREIGN KEY (`university`) REFERENCES `university` (`id_university`))
in SYSTEMPATH\Database\MySQLi\Connection.php on line 308.
 1 SYSTEMPATH\Database\MySQLi\Connection.php(308): mysqli->query('INSERT INTO `news` (`title`, `content`, `date_added`, `date_updated`) VALUES (\'Journée scientifique à l’Université Don Bosco de Lubumbashi : Réflexion collective pour une paix durable en RDC\', \'Ce samedi 31 mai 2025, la Faculté des sciences de l’homme et de la société de l’Université Don Bosco de Lubumbashi a accueilli la 2ᵉ édition des Journées scientifiques sur le thème : « Justice, Paix et Droits : Promouvoir la culture de la paix en RDC ». Un sujet profondément actuel, choisi pour évoquer les enjeux d’une société congolaise en quête de paix, de justice et de stabilité, mais aussi pour révéler l’espoir d’un peuple tourné vers une identité commune et un avenir harmonieux. \\r\\n\\r\\nUne journée marquée par des interventions de haut niveau : Des professeurs d’université, religieux, chercheurs et étudiants se sont réunis autour de réflexions clés :  « L’aspiration à la paix : fondement anthropologique » par le Père David Mubenga; \\r\\n« L’économie au service de la paix : promouvoir une prospérité partagée » par le Prof. Félix Kalaba; \\r\\n« Droits de l’homme et justice : leviers de paix en RDC » par Me. Marla Katapala. \\r\\n Des échanges nourris ont précédé un second panel :  « L’écologie intégrale au service de la paix durable » par le Père Dieudonné Besa; \\r\\n« La pédagogie salésienne : Bons chrétiens et honnêtes citoyens » par le Père Dieudonné Makola; \\r\\n« L’éducation à la paix pour une cohabitation pacifique » par le Père Pierre Maibwe.\\r\\n\\r\\nEnfin, deux conférences de clôture d\\\'une grande richesse :  « Le rôle de l’Église dans l’édification de la paix » par l\\\'Abbé Bertin Mpemba « Quelle diplomatie pour la paix en RDC ? » du Prof. Félicien Mulamba. Le mot de clôture du Père Trufon Kilimira, vicaire provincial des Salésiens de Don Bosco, a souligné la pertinence des échanges et la profondeur des analyses proposées. \\r\\n\', \'2025-06-03 14:26:28\', \'2025-06-03 14:26:28\')', 0)
 2 SYSTEMPATH\Database\BaseConnection.php(722): CodeIgniter\Database\MySQLi\Connection->execute('INSERT INTO `news` (`title`, `content`, `date_added`, `date_updated`) VALUES (\'Journée scientifique à l’Université Don Bosco de Lubumbashi : Réflexion collective pour une paix durable en RDC\', \'Ce samedi 31 mai 2025, la Faculté des sciences de l’homme et de la société de l’Université Don Bosco de Lubumbashi a accueilli la 2ᵉ édition des Journées scientifiques sur le thème : « Justice, Paix et Droits : Promouvoir la culture de la paix en RDC ». Un sujet profondément actuel, choisi pour évoquer les enjeux d’une société congolaise en quête de paix, de justice et de stabilité, mais aussi pour révéler l’espoir d’un peuple tourné vers une identité commune et un avenir harmonieux. \\r\\n\\r\\nUne journée marquée par des interventions de haut niveau : Des professeurs d’université, religieux, chercheurs et étudiants se sont réunis autour de réflexions clés :  « L’aspiration à la paix : fondement anthropologique » par le Père David Mubenga; \\r\\n« L’économie au service de la paix : promouvoir une prospérité partagée » par le Prof. Félix Kalaba; \\r\\n« Droits de l’homme et justice : leviers de paix en RDC » par Me. Marla Katapala. \\r\\n Des échanges nourris ont précédé un second panel :  « L’écologie intégrale au service de la paix durable » par le Père Dieudonné Besa; \\r\\n« La pédagogie salésienne : Bons chrétiens et honnêtes citoyens » par le Père Dieudonné Makola; \\r\\n« L’éducation à la paix pour une cohabitation pacifique » par le Père Pierre Maibwe.\\r\\n\\r\\nEnfin, deux conférences de clôture d\\\'une grande richesse :  « Le rôle de l’Église dans l’édification de la paix » par l\\\'Abbé Bertin Mpemba « Quelle diplomatie pour la paix en RDC ? » du Prof. Félicien Mulamba. Le mot de clôture du Père Trufon Kilimira, vicaire provincial des Salésiens de Don Bosco, a souligné la pertinence des échanges et la profondeur des analyses proposées. \\r\\n\', \'2025-06-03 14:26:28\', \'2025-06-03 14:26:28\')')
 3 SYSTEMPATH\Database\BaseConnection.php(636): CodeIgniter\Database\BaseConnection->simpleQuery('INSERT INTO `news` (`title`, `content`, `date_added`, `date_updated`) VALUES (\'Journée scientifique à l’Université Don Bosco de Lubumbashi : Réflexion collective pour une paix durable en RDC\', \'Ce samedi 31 mai 2025, la Faculté des sciences de l’homme et de la société de l’Université Don Bosco de Lubumbashi a accueilli la 2ᵉ édition des Journées scientifiques sur le thème : « Justice, Paix et Droits : Promouvoir la culture de la paix en RDC ». Un sujet profondément actuel, choisi pour évoquer les enjeux d’une société congolaise en quête de paix, de justice et de stabilité, mais aussi pour révéler l’espoir d’un peuple tourné vers une identité commune et un avenir harmonieux. \\r\\n\\r\\nUne journée marquée par des interventions de haut niveau : Des professeurs d’université, religieux, chercheurs et étudiants se sont réunis autour de réflexions clés :  « L’aspiration à la paix : fondement anthropologique » par le Père David Mubenga; \\r\\n« L’économie au service de la paix : promouvoir une prospérité partagée » par le Prof. Félix Kalaba; \\r\\n« Droits de l’homme et justice : leviers de paix en RDC » par Me. Marla Katapala. \\r\\n Des échanges nourris ont précédé un second panel :  « L’écologie intégrale au service de la paix durable » par le Père Dieudonné Besa; \\r\\n« La pédagogie salésienne : Bons chrétiens et honnêtes citoyens » par le Père Dieudonné Makola; \\r\\n« L’éducation à la paix pour une cohabitation pacifique » par le Père Pierre Maibwe.\\r\\n\\r\\nEnfin, deux conférences de clôture d\\\'une grande richesse :  « Le rôle de l’Église dans l’édification de la paix » par l\\\'Abbé Bertin Mpemba « Quelle diplomatie pour la paix en RDC ? » du Prof. Félicien Mulamba. Le mot de clôture du Père Trufon Kilimira, vicaire provincial des Salésiens de Don Bosco, a souligné la pertinence des échanges et la profondeur des analyses proposées. \\r\\n\', \'2025-06-03 14:26:28\', \'2025-06-03 14:26:28\')')
 4 SYSTEMPATH\Database\BaseBuilder.php(2325): CodeIgniter\Database\BaseConnection->query('INSERT INTO `news` (`title`, `content`, `date_added`, `date_updated`) VALUES (:title:, :content:, :date_added:, :date_updated:)', [...], false)
 5 SYSTEMPATH\Model.php(383): CodeIgniter\Database\BaseBuilder->insert()
 6 SYSTEMPATH\BaseModel.php(840): CodeIgniter\Model->doInsert([...])
 7 SYSTEMPATH\Model.php(791): CodeIgniter\BaseModel->insert([...], true)
 8 APPPATH\Controllers\DAO\News.php(73): CodeIgniter\Model->insert([...])
 9 APPPATH\Controllers\dashboard.php(79): App\Controllers\DAO\News::insert([...])
10 SYSTEMPATH\CodeIgniter.php(933): App\Controllers\Dashboard->ajouter()
11 SYSTEMPATH\CodeIgniter.php(509): CodeIgniter\CodeIgniter->runController(Object(App\Controllers\Dashboard))
12 SYSTEMPATH\CodeIgniter.php(355): CodeIgniter\CodeIgniter->handleRequest(null, Object(Config\Cache), false)
13 SYSTEMPATH\Boot.php(312): CodeIgniter\CodeIgniter->run()
14 SYSTEMPATH\Boot.php(67): CodeIgniter\Boot::runCodeIgniter(Object(CodeIgniter\CodeIgniter))
15 FCPATH\index.php(56): CodeIgniter\Boot::bootWeb(Object(Config\Paths))
ERROR - 2025-06-03 14:27:57 --> mysqli_sql_exception: Cannot add or update a child row: a foreign key constraint fails (`asunicaco`.`news`, CONSTRAINT `fk_univ` FOREIGN KEY (`university`) REFERENCES `university` (`id_university`)) in C:\xampp\htdocs\Asunicaco\Backend\system\Database\MySQLi\Connection.php:308
Stack trace:
#0 C:\xampp\htdocs\Asunicaco\Backend\system\Database\MySQLi\Connection.php(308): mysqli->query('INSERT INTO `ne...', 0)
#1 C:\xampp\htdocs\Asunicaco\Backend\system\Database\BaseConnection.php(722): CodeIgniter\Database\MySQLi\Connection->execute('INSERT INTO `ne...')
#2 C:\xampp\htdocs\Asunicaco\Backend\system\Database\BaseConnection.php(636): CodeIgniter\Database\BaseConnection->simpleQuery('INSERT INTO `ne...')
#3 C:\xampp\htdocs\Asunicaco\Backend\system\Database\BaseBuilder.php(2325): CodeIgniter\Database\BaseConnection->query('INSERT INTO `ne...', Array, false)
#4 C:\xampp\htdocs\Asunicaco\Backend\system\Model.php(383): CodeIgniter\Database\BaseBuilder->insert()
#5 C:\xampp\htdocs\Asunicaco\Backend\system\BaseModel.php(840): CodeIgniter\Model->doInsert(Array)
#6 C:\xampp\htdocs\Asunicaco\Backend\system\Model.php(791): CodeIgniter\BaseModel->insert(Array, true)
#7 C:\xampp\htdocs\Asunicaco\Backend\app\Controllers\DAO\News.php(73): CodeIgniter\Model->insert(Array)
#8 C:\xampp\htdocs\Asunicaco\Backend\app\Controllers\dashboard.php(80): App\Controllers\DAO\News::insert(Array)
#9 C:\xampp\htdocs\Asunicaco\Backend\system\CodeIgniter.php(933): App\Controllers\Dashboard->ajouter()
#10 C:\xampp\htdocs\Asunicaco\Backend\system\CodeIgniter.php(509): CodeIgniter\CodeIgniter->runController(Object(App\Controllers\Dashboard))
#11 C:\xampp\htdocs\Asunicaco\Backend\system\CodeIgniter.php(355): CodeIgniter\CodeIgniter->handleRequest(NULL, Object(Config\Cache), false)
#12 C:\xampp\htdocs\Asunicaco\Backend\system\Boot.php(312): CodeIgniter\CodeIgniter->run()
#13 C:\xampp\htdocs\Asunicaco\Backend\system\Boot.php(67): CodeIgniter\Boot::runCodeIgniter(Object(CodeIgniter\CodeIgniter))
#14 C:\xampp\htdocs\Asunicaco\public\index.php(56): CodeIgniter\Boot::bootWeb(Object(Config\Paths))
#15 {main}
CRITICAL - 2025-06-03 14:27:57 --> CodeIgniter\Database\Exceptions\DatabaseException: Cannot add or update a child row: a foreign key constraint fails (`asunicaco`.`news`, CONSTRAINT `fk_univ` FOREIGN KEY (`university`) REFERENCES `university` (`id_university`))
[Method: POST, Route: dashboard/ajouter]
in SYSTEMPATH\Database\BaseConnection.php on line 676.
 1 SYSTEMPATH\Database\BaseBuilder.php(2325): CodeIgniter\Database\BaseConnection->query('INSERT INTO `news` (`title`, `content`, `date_added`, `date_updated`) VALUES (:title:, :content:, :date_added:, :date_updated:)', [...], false)
 2 SYSTEMPATH\Model.php(383): CodeIgniter\Database\BaseBuilder->insert()
 3 SYSTEMPATH\BaseModel.php(840): CodeIgniter\Model->doInsert([...])
 4 SYSTEMPATH\Model.php(791): CodeIgniter\BaseModel->insert([...], true)
 5 APPPATH\Controllers\DAO\News.php(73): CodeIgniter\Model->insert([...])
 6 APPPATH\Controllers\dashboard.php(80): App\Controllers\DAO\News::insert([...])
 7 SYSTEMPATH\CodeIgniter.php(933): App\Controllers\Dashboard->ajouter()
 8 SYSTEMPATH\CodeIgniter.php(509): CodeIgniter\CodeIgniter->runController(Object(App\Controllers\Dashboard))
 9 SYSTEMPATH\CodeIgniter.php(355): CodeIgniter\CodeIgniter->handleRequest(null, Object(Config\Cache), false)
10 SYSTEMPATH\Boot.php(312): CodeIgniter\CodeIgniter->run()
11 SYSTEMPATH\Boot.php(67): CodeIgniter\Boot::runCodeIgniter(Object(CodeIgniter\CodeIgniter))
12 FCPATH\index.php(56): CodeIgniter\Boot::bootWeb(Object(Config\Paths))
CRITICAL - 2025-06-03 14:27:57 --> [Caused by] CodeIgniter\Database\Exceptions\DatabaseException: Cannot add or update a child row: a foreign key constraint fails (`asunicaco`.`news`, CONSTRAINT `fk_univ` FOREIGN KEY (`university`) REFERENCES `university` (`id_university`))
in SYSTEMPATH\Database\MySQLi\Connection.php on line 313.
 1 SYSTEMPATH\Database\BaseConnection.php(722): CodeIgniter\Database\MySQLi\Connection->execute('INSERT INTO `news` (`title`, `content`, `date_added`, `date_updated`) VALUES (\'Journée scientifique à l’Université Don Bosco de Lubumbashi : Réflexion collective pour une paix durable en RDC\', \'Ce samedi 31 mai 2025, la Faculté des sciences de l’homme et de la société de l’Université Don Bosco de Lubumbashi a accueilli la 2ᵉ édition des Journées scientifiques sur le thème : « Justice, Paix et Droits : Promouvoir la culture de la paix en RDC ». Un sujet profondément actuel, choisi pour évoquer les enjeux d’une société congolaise en quête de paix, de justice et de stabilité, mais aussi pour révéler l’espoir d’un peuple tourné vers une identité commune et un avenir harmonieux. \\r\\n\\r\\nUne journée marquée par des interventions de haut niveau : Des professeurs d’université, religieux, chercheurs et étudiants se sont réunis autour de réflexions clés :  « L’aspiration à la paix : fondement anthropologique » par le Père David Mubenga; \\r\\n« L’économie au service de la paix : promouvoir une prospérité partagée » par le Prof. Félix Kalaba; \\r\\n« Droits de l’homme et justice : leviers de paix en RDC » par Me. Marla Katapala. \\r\\n Des échanges nourris ont précédé un second panel :  « L’écologie intégrale au service de la paix durable » par le Père Dieudonné Besa; \\r\\n« La pédagogie salésienne : Bons chrétiens et honnêtes citoyens » par le Père Dieudonné Makola; \\r\\n« L’éducation à la paix pour une cohabitation pacifique » par le Père Pierre Maibwe.\\r\\n\\r\\nEnfin, deux conférences de clôture d\\\'une grande richesse :  « Le rôle de l’Église dans l’édification de la paix » par l\\\'Abbé Bertin Mpemba « Quelle diplomatie pour la paix en RDC ? » du Prof. Félicien Mulamba. Le mot de clôture du Père Trufon Kilimira, vicaire provincial des Salésiens de Don Bosco, a souligné la pertinence des échanges et la profondeur des analyses proposées. \\r\\n\', \'2025-06-03 14:27:57\', \'2025-06-03 14:27:57\')')
 2 SYSTEMPATH\Database\BaseConnection.php(636): CodeIgniter\Database\BaseConnection->simpleQuery('INSERT INTO `news` (`title`, `content`, `date_added`, `date_updated`) VALUES (\'Journée scientifique à l’Université Don Bosco de Lubumbashi : Réflexion collective pour une paix durable en RDC\', \'Ce samedi 31 mai 2025, la Faculté des sciences de l’homme et de la société de l’Université Don Bosco de Lubumbashi a accueilli la 2ᵉ édition des Journées scientifiques sur le thème : « Justice, Paix et Droits : Promouvoir la culture de la paix en RDC ». Un sujet profondément actuel, choisi pour évoquer les enjeux d’une société congolaise en quête de paix, de justice et de stabilité, mais aussi pour révéler l’espoir d’un peuple tourné vers une identité commune et un avenir harmonieux. \\r\\n\\r\\nUne journée marquée par des interventions de haut niveau : Des professeurs d’université, religieux, chercheurs et étudiants se sont réunis autour de réflexions clés :  « L’aspiration à la paix : fondement anthropologique » par le Père David Mubenga; \\r\\n« L’économie au service de la paix : promouvoir une prospérité partagée » par le Prof. Félix Kalaba; \\r\\n« Droits de l’homme et justice : leviers de paix en RDC » par Me. Marla Katapala. \\r\\n Des échanges nourris ont précédé un second panel :  « L’écologie intégrale au service de la paix durable » par le Père Dieudonné Besa; \\r\\n« La pédagogie salésienne : Bons chrétiens et honnêtes citoyens » par le Père Dieudonné Makola; \\r\\n« L’éducation à la paix pour une cohabitation pacifique » par le Père Pierre Maibwe.\\r\\n\\r\\nEnfin, deux conférences de clôture d\\\'une grande richesse :  « Le rôle de l’Église dans l’édification de la paix » par l\\\'Abbé Bertin Mpemba « Quelle diplomatie pour la paix en RDC ? » du Prof. Félicien Mulamba. Le mot de clôture du Père Trufon Kilimira, vicaire provincial des Salésiens de Don Bosco, a souligné la pertinence des échanges et la profondeur des analyses proposées. \\r\\n\', \'2025-06-03 14:27:57\', \'2025-06-03 14:27:57\')')
 3 SYSTEMPATH\Database\BaseBuilder.php(2325): CodeIgniter\Database\BaseConnection->query('INSERT INTO `news` (`title`, `content`, `date_added`, `date_updated`) VALUES (:title:, :content:, :date_added:, :date_updated:)', [...], false)
 4 SYSTEMPATH\Model.php(383): CodeIgniter\Database\BaseBuilder->insert()
 5 SYSTEMPATH\BaseModel.php(840): CodeIgniter\Model->doInsert([...])
 6 SYSTEMPATH\Model.php(791): CodeIgniter\BaseModel->insert([...], true)
 7 APPPATH\Controllers\DAO\News.php(73): CodeIgniter\Model->insert([...])
 8 APPPATH\Controllers\dashboard.php(80): App\Controllers\DAO\News::insert([...])
 9 SYSTEMPATH\CodeIgniter.php(933): App\Controllers\Dashboard->ajouter()
10 SYSTEMPATH\CodeIgniter.php(509): CodeIgniter\CodeIgniter->runController(Object(App\Controllers\Dashboard))
11 SYSTEMPATH\CodeIgniter.php(355): CodeIgniter\CodeIgniter->handleRequest(null, Object(Config\Cache), false)
12 SYSTEMPATH\Boot.php(312): CodeIgniter\CodeIgniter->run()
13 SYSTEMPATH\Boot.php(67): CodeIgniter\Boot::runCodeIgniter(Object(CodeIgniter\CodeIgniter))
14 FCPATH\index.php(56): CodeIgniter\Boot::bootWeb(Object(Config\Paths))
CRITICAL - 2025-06-03 14:27:57 --> [Caused by] mysqli_sql_exception: Cannot add or update a child row: a foreign key constraint fails (`asunicaco`.`news`, CONSTRAINT `fk_univ` FOREIGN KEY (`university`) REFERENCES `university` (`id_university`))
in SYSTEMPATH\Database\MySQLi\Connection.php on line 308.
 1 SYSTEMPATH\Database\MySQLi\Connection.php(308): mysqli->query('INSERT INTO `news` (`title`, `content`, `date_added`, `date_updated`) VALUES (\'Journée scientifique à l’Université Don Bosco de Lubumbashi : Réflexion collective pour une paix durable en RDC\', \'Ce samedi 31 mai 2025, la Faculté des sciences de l’homme et de la société de l’Université Don Bosco de Lubumbashi a accueilli la 2ᵉ édition des Journées scientifiques sur le thème : « Justice, Paix et Droits : Promouvoir la culture de la paix en RDC ». Un sujet profondément actuel, choisi pour évoquer les enjeux d’une société congolaise en quête de paix, de justice et de stabilité, mais aussi pour révéler l’espoir d’un peuple tourné vers une identité commune et un avenir harmonieux. \\r\\n\\r\\nUne journée marquée par des interventions de haut niveau : Des professeurs d’université, religieux, chercheurs et étudiants se sont réunis autour de réflexions clés :  « L’aspiration à la paix : fondement anthropologique » par le Père David Mubenga; \\r\\n« L’économie au service de la paix : promouvoir une prospérité partagée » par le Prof. Félix Kalaba; \\r\\n« Droits de l’homme et justice : leviers de paix en RDC » par Me. Marla Katapala. \\r\\n Des échanges nourris ont précédé un second panel :  « L’écologie intégrale au service de la paix durable » par le Père Dieudonné Besa; \\r\\n« La pédagogie salésienne : Bons chrétiens et honnêtes citoyens » par le Père Dieudonné Makola; \\r\\n« L’éducation à la paix pour une cohabitation pacifique » par le Père Pierre Maibwe.\\r\\n\\r\\nEnfin, deux conférences de clôture d\\\'une grande richesse :  « Le rôle de l’Église dans l’édification de la paix » par l\\\'Abbé Bertin Mpemba « Quelle diplomatie pour la paix en RDC ? » du Prof. Félicien Mulamba. Le mot de clôture du Père Trufon Kilimira, vicaire provincial des Salésiens de Don Bosco, a souligné la pertinence des échanges et la profondeur des analyses proposées. \\r\\n\', \'2025-06-03 14:27:57\', \'2025-06-03 14:27:57\')', 0)
 2 SYSTEMPATH\Database\BaseConnection.php(722): CodeIgniter\Database\MySQLi\Connection->execute('INSERT INTO `news` (`title`, `content`, `date_added`, `date_updated`) VALUES (\'Journée scientifique à l’Université Don Bosco de Lubumbashi : Réflexion collective pour une paix durable en RDC\', \'Ce samedi 31 mai 2025, la Faculté des sciences de l’homme et de la société de l’Université Don Bosco de Lubumbashi a accueilli la 2ᵉ édition des Journées scientifiques sur le thème : « Justice, Paix et Droits : Promouvoir la culture de la paix en RDC ». Un sujet profondément actuel, choisi pour évoquer les enjeux d’une société congolaise en quête de paix, de justice et de stabilité, mais aussi pour révéler l’espoir d’un peuple tourné vers une identité commune et un avenir harmonieux. \\r\\n\\r\\nUne journée marquée par des interventions de haut niveau : Des professeurs d’université, religieux, chercheurs et étudiants se sont réunis autour de réflexions clés :  « L’aspiration à la paix : fondement anthropologique » par le Père David Mubenga; \\r\\n« L’économie au service de la paix : promouvoir une prospérité partagée » par le Prof. Félix Kalaba; \\r\\n« Droits de l’homme et justice : leviers de paix en RDC » par Me. Marla Katapala. \\r\\n Des échanges nourris ont précédé un second panel :  « L’écologie intégrale au service de la paix durable » par le Père Dieudonné Besa; \\r\\n« La pédagogie salésienne : Bons chrétiens et honnêtes citoyens » par le Père Dieudonné Makola; \\r\\n« L’éducation à la paix pour une cohabitation pacifique » par le Père Pierre Maibwe.\\r\\n\\r\\nEnfin, deux conférences de clôture d\\\'une grande richesse :  « Le rôle de l’Église dans l’édification de la paix » par l\\\'Abbé Bertin Mpemba « Quelle diplomatie pour la paix en RDC ? » du Prof. Félicien Mulamba. Le mot de clôture du Père Trufon Kilimira, vicaire provincial des Salésiens de Don Bosco, a souligné la pertinence des échanges et la profondeur des analyses proposées. \\r\\n\', \'2025-06-03 14:27:57\', \'2025-06-03 14:27:57\')')
 3 SYSTEMPATH\Database\BaseConnection.php(636): CodeIgniter\Database\BaseConnection->simpleQuery('INSERT INTO `news` (`title`, `content`, `date_added`, `date_updated`) VALUES (\'Journée scientifique à l’Université Don Bosco de Lubumbashi : Réflexion collective pour une paix durable en RDC\', \'Ce samedi 31 mai 2025, la Faculté des sciences de l’homme et de la société de l’Université Don Bosco de Lubumbashi a accueilli la 2ᵉ édition des Journées scientifiques sur le thème : « Justice, Paix et Droits : Promouvoir la culture de la paix en RDC ». Un sujet profondément actuel, choisi pour évoquer les enjeux d’une société congolaise en quête de paix, de justice et de stabilité, mais aussi pour révéler l’espoir d’un peuple tourné vers une identité commune et un avenir harmonieux. \\r\\n\\r\\nUne journée marquée par des interventions de haut niveau : Des professeurs d’université, religieux, chercheurs et étudiants se sont réunis autour de réflexions clés :  « L’aspiration à la paix : fondement anthropologique » par le Père David Mubenga; \\r\\n« L’économie au service de la paix : promouvoir une prospérité partagée » par le Prof. Félix Kalaba; \\r\\n« Droits de l’homme et justice : leviers de paix en RDC » par Me. Marla Katapala. \\r\\n Des échanges nourris ont précédé un second panel :  « L’écologie intégrale au service de la paix durable » par le Père Dieudonné Besa; \\r\\n« La pédagogie salésienne : Bons chrétiens et honnêtes citoyens » par le Père Dieudonné Makola; \\r\\n« L’éducation à la paix pour une cohabitation pacifique » par le Père Pierre Maibwe.\\r\\n\\r\\nEnfin, deux conférences de clôture d\\\'une grande richesse :  « Le rôle de l’Église dans l’édification de la paix » par l\\\'Abbé Bertin Mpemba « Quelle diplomatie pour la paix en RDC ? » du Prof. Félicien Mulamba. Le mot de clôture du Père Trufon Kilimira, vicaire provincial des Salésiens de Don Bosco, a souligné la pertinence des échanges et la profondeur des analyses proposées. \\r\\n\', \'2025-06-03 14:27:57\', \'2025-06-03 14:27:57\')')
 4 SYSTEMPATH\Database\BaseBuilder.php(2325): CodeIgniter\Database\BaseConnection->query('INSERT INTO `news` (`title`, `content`, `date_added`, `date_updated`) VALUES (:title:, :content:, :date_added:, :date_updated:)', [...], false)
 5 SYSTEMPATH\Model.php(383): CodeIgniter\Database\BaseBuilder->insert()
 6 SYSTEMPATH\BaseModel.php(840): CodeIgniter\Model->doInsert([...])
 7 SYSTEMPATH\Model.php(791): CodeIgniter\BaseModel->insert([...], true)
 8 APPPATH\Controllers\DAO\News.php(73): CodeIgniter\Model->insert([...])
 9 APPPATH\Controllers\dashboard.php(80): App\Controllers\DAO\News::insert([...])
10 SYSTEMPATH\CodeIgniter.php(933): App\Controllers\Dashboard->ajouter()
11 SYSTEMPATH\CodeIgniter.php(509): CodeIgniter\CodeIgniter->runController(Object(App\Controllers\Dashboard))
12 SYSTEMPATH\CodeIgniter.php(355): CodeIgniter\CodeIgniter->handleRequest(null, Object(Config\Cache), false)
13 SYSTEMPATH\Boot.php(312): CodeIgniter\CodeIgniter->run()
14 SYSTEMPATH\Boot.php(67): CodeIgniter\Boot::runCodeIgniter(Object(CodeIgniter\CodeIgniter))
15 FCPATH\index.php(56): CodeIgniter\Boot::bootWeb(Object(Config\Paths))
ERROR - 2025-06-03 14:28:04 --> mysqli_sql_exception: Cannot add or update a child row: a foreign key constraint fails (`asunicaco`.`news`, CONSTRAINT `fk_univ` FOREIGN KEY (`university`) REFERENCES `university` (`id_university`)) in C:\xampp\htdocs\Asunicaco\Backend\system\Database\MySQLi\Connection.php:308
Stack trace:
#0 C:\xampp\htdocs\Asunicaco\Backend\system\Database\MySQLi\Connection.php(308): mysqli->query('INSERT INTO `ne...', 0)
#1 C:\xampp\htdocs\Asunicaco\Backend\system\Database\BaseConnection.php(722): CodeIgniter\Database\MySQLi\Connection->execute('INSERT INTO `ne...')
#2 C:\xampp\htdocs\Asunicaco\Backend\system\Database\BaseConnection.php(636): CodeIgniter\Database\BaseConnection->simpleQuery('INSERT INTO `ne...')
#3 C:\xampp\htdocs\Asunicaco\Backend\system\Database\BaseBuilder.php(2325): CodeIgniter\Database\BaseConnection->query('INSERT INTO `ne...', Array, false)
#4 C:\xampp\htdocs\Asunicaco\Backend\system\Model.php(383): CodeIgniter\Database\BaseBuilder->insert()
#5 C:\xampp\htdocs\Asunicaco\Backend\system\BaseModel.php(840): CodeIgniter\Model->doInsert(Array)
#6 C:\xampp\htdocs\Asunicaco\Backend\system\Model.php(791): CodeIgniter\BaseModel->insert(Array, true)
#7 C:\xampp\htdocs\Asunicaco\Backend\app\Controllers\DAO\News.php(73): CodeIgniter\Model->insert(Array)
#8 C:\xampp\htdocs\Asunicaco\Backend\app\Controllers\dashboard.php(80): App\Controllers\DAO\News::insert(Array)
#9 C:\xampp\htdocs\Asunicaco\Backend\system\CodeIgniter.php(933): App\Controllers\Dashboard->ajouter()
#10 C:\xampp\htdocs\Asunicaco\Backend\system\CodeIgniter.php(509): CodeIgniter\CodeIgniter->runController(Object(App\Controllers\Dashboard))
#11 C:\xampp\htdocs\Asunicaco\Backend\system\CodeIgniter.php(355): CodeIgniter\CodeIgniter->handleRequest(NULL, Object(Config\Cache), false)
#12 C:\xampp\htdocs\Asunicaco\Backend\system\Boot.php(312): CodeIgniter\CodeIgniter->run()
#13 C:\xampp\htdocs\Asunicaco\Backend\system\Boot.php(67): CodeIgniter\Boot::runCodeIgniter(Object(CodeIgniter\CodeIgniter))
#14 C:\xampp\htdocs\Asunicaco\public\index.php(56): CodeIgniter\Boot::bootWeb(Object(Config\Paths))
#15 {main}
CRITICAL - 2025-06-03 14:28:04 --> CodeIgniter\Database\Exceptions\DatabaseException: Cannot add or update a child row: a foreign key constraint fails (`asunicaco`.`news`, CONSTRAINT `fk_univ` FOREIGN KEY (`university`) REFERENCES `university` (`id_university`))
[Method: POST, Route: dashboard/ajouter]
in SYSTEMPATH\Database\BaseConnection.php on line 676.
 1 SYSTEMPATH\Database\BaseBuilder.php(2325): CodeIgniter\Database\BaseConnection->query('INSERT INTO `news` (`title`, `content`, `date_added`, `date_updated`) VALUES (:title:, :content:, :date_added:, :date_updated:)', [...], false)
 2 SYSTEMPATH\Model.php(383): CodeIgniter\Database\BaseBuilder->insert()
 3 SYSTEMPATH\BaseModel.php(840): CodeIgniter\Model->doInsert([...])
 4 SYSTEMPATH\Model.php(791): CodeIgniter\BaseModel->insert([...], true)
 5 APPPATH\Controllers\DAO\News.php(73): CodeIgniter\Model->insert([...])
 6 APPPATH\Controllers\dashboard.php(80): App\Controllers\DAO\News::insert([...])
 7 SYSTEMPATH\CodeIgniter.php(933): App\Controllers\Dashboard->ajouter()
 8 SYSTEMPATH\CodeIgniter.php(509): CodeIgniter\CodeIgniter->runController(Object(App\Controllers\Dashboard))
 9 SYSTEMPATH\CodeIgniter.php(355): CodeIgniter\CodeIgniter->handleRequest(null, Object(Config\Cache), false)
10 SYSTEMPATH\Boot.php(312): CodeIgniter\CodeIgniter->run()
11 SYSTEMPATH\Boot.php(67): CodeIgniter\Boot::runCodeIgniter(Object(CodeIgniter\CodeIgniter))
12 FCPATH\index.php(56): CodeIgniter\Boot::bootWeb(Object(Config\Paths))
CRITICAL - 2025-06-03 14:28:04 --> [Caused by] CodeIgniter\Database\Exceptions\DatabaseException: Cannot add or update a child row: a foreign key constraint fails (`asunicaco`.`news`, CONSTRAINT `fk_univ` FOREIGN KEY (`university`) REFERENCES `university` (`id_university`))
in SYSTEMPATH\Database\MySQLi\Connection.php on line 313.
 1 SYSTEMPATH\Database\BaseConnection.php(722): CodeIgniter\Database\MySQLi\Connection->execute('INSERT INTO `news` (`title`, `content`, `date_added`, `date_updated`) VALUES (\'Journée scientifique à l’Université Don Bosco de Lubumbashi : Réflexion collective pour une paix durable en RDC\', \'Ce samedi 31 mai 2025, la Faculté des sciences de l’homme et de la société de l’Université Don Bosco de Lubumbashi a accueilli la 2ᵉ édition des Journées scientifiques sur le thème : « Justice, Paix et Droits : Promouvoir la culture de la paix en RDC ». Un sujet profondément actuel, choisi pour évoquer les enjeux d’une société congolaise en quête de paix, de justice et de stabilité, mais aussi pour révéler l’espoir d’un peuple tourné vers une identité commune et un avenir harmonieux. \\r\\n\\r\\nUne journée marquée par des interventions de haut niveau : Des professeurs d’université, religieux, chercheurs et étudiants se sont réunis autour de réflexions clés :  « L’aspiration à la paix : fondement anthropologique » par le Père David Mubenga; \\r\\n« L’économie au service de la paix : promouvoir une prospérité partagée » par le Prof. Félix Kalaba; \\r\\n« Droits de l’homme et justice : leviers de paix en RDC » par Me. Marla Katapala. \\r\\n Des échanges nourris ont précédé un second panel :  « L’écologie intégrale au service de la paix durable » par le Père Dieudonné Besa; \\r\\n« La pédagogie salésienne : Bons chrétiens et honnêtes citoyens » par le Père Dieudonné Makola; \\r\\n« L’éducation à la paix pour une cohabitation pacifique » par le Père Pierre Maibwe.\\r\\n\\r\\nEnfin, deux conférences de clôture d\\\'une grande richesse :  « Le rôle de l’Église dans l’édification de la paix » par l\\\'Abbé Bertin Mpemba « Quelle diplomatie pour la paix en RDC ? » du Prof. Félicien Mulamba. Le mot de clôture du Père Trufon Kilimira, vicaire provincial des Salésiens de Don Bosco, a souligné la pertinence des échanges et la profondeur des analyses proposées. \\r\\n\', \'2025-06-03 14:28:04\', \'2025-06-03 14:28:04\')')
 2 SYSTEMPATH\Database\BaseConnection.php(636): CodeIgniter\Database\BaseConnection->simpleQuery('INSERT INTO `news` (`title`, `content`, `date_added`, `date_updated`) VALUES (\'Journée scientifique à l’Université Don Bosco de Lubumbashi : Réflexion collective pour une paix durable en RDC\', \'Ce samedi 31 mai 2025, la Faculté des sciences de l’homme et de la société de l’Université Don Bosco de Lubumbashi a accueilli la 2ᵉ édition des Journées scientifiques sur le thème : « Justice, Paix et Droits : Promouvoir la culture de la paix en RDC ». Un sujet profondément actuel, choisi pour évoquer les enjeux d’une société congolaise en quête de paix, de justice et de stabilité, mais aussi pour révéler l’espoir d’un peuple tourné vers une identité commune et un avenir harmonieux. \\r\\n\\r\\nUne journée marquée par des interventions de haut niveau : Des professeurs d’université, religieux, chercheurs et étudiants se sont réunis autour de réflexions clés :  « L’aspiration à la paix : fondement anthropologique » par le Père David Mubenga; \\r\\n« L’économie au service de la paix : promouvoir une prospérité partagée » par le Prof. Félix Kalaba; \\r\\n« Droits de l’homme et justice : leviers de paix en RDC » par Me. Marla Katapala. \\r\\n Des échanges nourris ont précédé un second panel :  « L’écologie intégrale au service de la paix durable » par le Père Dieudonné Besa; \\r\\n« La pédagogie salésienne : Bons chrétiens et honnêtes citoyens » par le Père Dieudonné Makola; \\r\\n« L’éducation à la paix pour une cohabitation pacifique » par le Père Pierre Maibwe.\\r\\n\\r\\nEnfin, deux conférences de clôture d\\\'une grande richesse :  « Le rôle de l’Église dans l’édification de la paix » par l\\\'Abbé Bertin Mpemba « Quelle diplomatie pour la paix en RDC ? » du Prof. Félicien Mulamba. Le mot de clôture du Père Trufon Kilimira, vicaire provincial des Salésiens de Don Bosco, a souligné la pertinence des échanges et la profondeur des analyses proposées. \\r\\n\', \'2025-06-03 14:28:04\', \'2025-06-03 14:28:04\')')
 3 SYSTEMPATH\Database\BaseBuilder.php(2325): CodeIgniter\Database\BaseConnection->query('INSERT INTO `news` (`title`, `content`, `date_added`, `date_updated`) VALUES (:title:, :content:, :date_added:, :date_updated:)', [...], false)
 4 SYSTEMPATH\Model.php(383): CodeIgniter\Database\BaseBuilder->insert()
 5 SYSTEMPATH\BaseModel.php(840): CodeIgniter\Model->doInsert([...])
 6 SYSTEMPATH\Model.php(791): CodeIgniter\BaseModel->insert([...], true)
 7 APPPATH\Controllers\DAO\News.php(73): CodeIgniter\Model->insert([...])
 8 APPPATH\Controllers\dashboard.php(80): App\Controllers\DAO\News::insert([...])
 9 SYSTEMPATH\CodeIgniter.php(933): App\Controllers\Dashboard->ajouter()
10 SYSTEMPATH\CodeIgniter.php(509): CodeIgniter\CodeIgniter->runController(Object(App\Controllers\Dashboard))
11 SYSTEMPATH\CodeIgniter.php(355): CodeIgniter\CodeIgniter->handleRequest(null, Object(Config\Cache), false)
12 SYSTEMPATH\Boot.php(312): CodeIgniter\CodeIgniter->run()
13 SYSTEMPATH\Boot.php(67): CodeIgniter\Boot::runCodeIgniter(Object(CodeIgniter\CodeIgniter))
14 FCPATH\index.php(56): CodeIgniter\Boot::bootWeb(Object(Config\Paths))
CRITICAL - 2025-06-03 14:28:04 --> [Caused by] mysqli_sql_exception: Cannot add or update a child row: a foreign key constraint fails (`asunicaco`.`news`, CONSTRAINT `fk_univ` FOREIGN KEY (`university`) REFERENCES `university` (`id_university`))
in SYSTEMPATH\Database\MySQLi\Connection.php on line 308.
 1 SYSTEMPATH\Database\MySQLi\Connection.php(308): mysqli->query('INSERT INTO `news` (`title`, `content`, `date_added`, `date_updated`) VALUES (\'Journée scientifique à l’Université Don Bosco de Lubumbashi : Réflexion collective pour une paix durable en RDC\', \'Ce samedi 31 mai 2025, la Faculté des sciences de l’homme et de la société de l’Université Don Bosco de Lubumbashi a accueilli la 2ᵉ édition des Journées scientifiques sur le thème : « Justice, Paix et Droits : Promouvoir la culture de la paix en RDC ». Un sujet profondément actuel, choisi pour évoquer les enjeux d’une société congolaise en quête de paix, de justice et de stabilité, mais aussi pour révéler l’espoir d’un peuple tourné vers une identité commune et un avenir harmonieux. \\r\\n\\r\\nUne journée marquée par des interventions de haut niveau : Des professeurs d’université, religieux, chercheurs et étudiants se sont réunis autour de réflexions clés :  « L’aspiration à la paix : fondement anthropologique » par le Père David Mubenga; \\r\\n« L’économie au service de la paix : promouvoir une prospérité partagée » par le Prof. Félix Kalaba; \\r\\n« Droits de l’homme et justice : leviers de paix en RDC » par Me. Marla Katapala. \\r\\n Des échanges nourris ont précédé un second panel :  « L’écologie intégrale au service de la paix durable » par le Père Dieudonné Besa; \\r\\n« La pédagogie salésienne : Bons chrétiens et honnêtes citoyens » par le Père Dieudonné Makola; \\r\\n« L’éducation à la paix pour une cohabitation pacifique » par le Père Pierre Maibwe.\\r\\n\\r\\nEnfin, deux conférences de clôture d\\\'une grande richesse :  « Le rôle de l’Église dans l’édification de la paix » par l\\\'Abbé Bertin Mpemba « Quelle diplomatie pour la paix en RDC ? » du Prof. Félicien Mulamba. Le mot de clôture du Père Trufon Kilimira, vicaire provincial des Salésiens de Don Bosco, a souligné la pertinence des échanges et la profondeur des analyses proposées. \\r\\n\', \'2025-06-03 14:28:04\', \'2025-06-03 14:28:04\')', 0)
 2 SYSTEMPATH\Database\BaseConnection.php(722): CodeIgniter\Database\MySQLi\Connection->execute('INSERT INTO `news` (`title`, `content`, `date_added`, `date_updated`) VALUES (\'Journée scientifique à l’Université Don Bosco de Lubumbashi : Réflexion collective pour une paix durable en RDC\', \'Ce samedi 31 mai 2025, la Faculté des sciences de l’homme et de la société de l’Université Don Bosco de Lubumbashi a accueilli la 2ᵉ édition des Journées scientifiques sur le thème : « Justice, Paix et Droits : Promouvoir la culture de la paix en RDC ». Un sujet profondément actuel, choisi pour évoquer les enjeux d’une société congolaise en quête de paix, de justice et de stabilité, mais aussi pour révéler l’espoir d’un peuple tourné vers une identité commune et un avenir harmonieux. \\r\\n\\r\\nUne journée marquée par des interventions de haut niveau : Des professeurs d’université, religieux, chercheurs et étudiants se sont réunis autour de réflexions clés :  « L’aspiration à la paix : fondement anthropologique » par le Père David Mubenga; \\r\\n« L’économie au service de la paix : promouvoir une prospérité partagée » par le Prof. Félix Kalaba; \\r\\n« Droits de l’homme et justice : leviers de paix en RDC » par Me. Marla Katapala. \\r\\n Des échanges nourris ont précédé un second panel :  « L’écologie intégrale au service de la paix durable » par le Père Dieudonné Besa; \\r\\n« La pédagogie salésienne : Bons chrétiens et honnêtes citoyens » par le Père Dieudonné Makola; \\r\\n« L’éducation à la paix pour une cohabitation pacifique » par le Père Pierre Maibwe.\\r\\n\\r\\nEnfin, deux conférences de clôture d\\\'une grande richesse :  « Le rôle de l’Église dans l’édification de la paix » par l\\\'Abbé Bertin Mpemba « Quelle diplomatie pour la paix en RDC ? » du Prof. Félicien Mulamba. Le mot de clôture du Père Trufon Kilimira, vicaire provincial des Salésiens de Don Bosco, a souligné la pertinence des échanges et la profondeur des analyses proposées. \\r\\n\', \'2025-06-03 14:28:04\', \'2025-06-03 14:28:04\')')
 3 SYSTEMPATH\Database\BaseConnection.php(636): CodeIgniter\Database\BaseConnection->simpleQuery('INSERT INTO `news` (`title`, `content`, `date_added`, `date_updated`) VALUES (\'Journée scientifique à l’Université Don Bosco de Lubumbashi : Réflexion collective pour une paix durable en RDC\', \'Ce samedi 31 mai 2025, la Faculté des sciences de l’homme et de la société de l’Université Don Bosco de Lubumbashi a accueilli la 2ᵉ édition des Journées scientifiques sur le thème : « Justice, Paix et Droits : Promouvoir la culture de la paix en RDC ». Un sujet profondément actuel, choisi pour évoquer les enjeux d’une société congolaise en quête de paix, de justice et de stabilité, mais aussi pour révéler l’espoir d’un peuple tourné vers une identité commune et un avenir harmonieux. \\r\\n\\r\\nUne journée marquée par des interventions de haut niveau : Des professeurs d’université, religieux, chercheurs et étudiants se sont réunis autour de réflexions clés :  « L’aspiration à la paix : fondement anthropologique » par le Père David Mubenga; \\r\\n« L’économie au service de la paix : promouvoir une prospérité partagée » par le Prof. Félix Kalaba; \\r\\n« Droits de l’homme et justice : leviers de paix en RDC » par Me. Marla Katapala. \\r\\n Des échanges nourris ont précédé un second panel :  « L’écologie intégrale au service de la paix durable » par le Père Dieudonné Besa; \\r\\n« La pédagogie salésienne : Bons chrétiens et honnêtes citoyens » par le Père Dieudonné Makola; \\r\\n« L’éducation à la paix pour une cohabitation pacifique » par le Père Pierre Maibwe.\\r\\n\\r\\nEnfin, deux conférences de clôture d\\\'une grande richesse :  « Le rôle de l’Église dans l’édification de la paix » par l\\\'Abbé Bertin Mpemba « Quelle diplomatie pour la paix en RDC ? » du Prof. Félicien Mulamba. Le mot de clôture du Père Trufon Kilimira, vicaire provincial des Salésiens de Don Bosco, a souligné la pertinence des échanges et la profondeur des analyses proposées. \\r\\n\', \'2025-06-03 14:28:04\', \'2025-06-03 14:28:04\')')
 4 SYSTEMPATH\Database\BaseBuilder.php(2325): CodeIgniter\Database\BaseConnection->query('INSERT INTO `news` (`title`, `content`, `date_added`, `date_updated`) VALUES (:title:, :content:, :date_added:, :date_updated:)', [...], false)
 5 SYSTEMPATH\Model.php(383): CodeIgniter\Database\BaseBuilder->insert()
 6 SYSTEMPATH\BaseModel.php(840): CodeIgniter\Model->doInsert([...])
 7 SYSTEMPATH\Model.php(791): CodeIgniter\BaseModel->insert([...], true)
 8 APPPATH\Controllers\DAO\News.php(73): CodeIgniter\Model->insert([...])
 9 APPPATH\Controllers\dashboard.php(80): App\Controllers\DAO\News::insert([...])
10 SYSTEMPATH\CodeIgniter.php(933): App\Controllers\Dashboard->ajouter()
11 SYSTEMPATH\CodeIgniter.php(509): CodeIgniter\CodeIgniter->runController(Object(App\Controllers\Dashboard))
12 SYSTEMPATH\CodeIgniter.php(355): CodeIgniter\CodeIgniter->handleRequest(null, Object(Config\Cache), false)
13 SYSTEMPATH\Boot.php(312): CodeIgniter\CodeIgniter->run()
14 SYSTEMPATH\Boot.php(67): CodeIgniter\Boot::runCodeIgniter(Object(CodeIgniter\CodeIgniter))
15 FCPATH\index.php(56): CodeIgniter\Boot::bootWeb(Object(Config\Paths))
INFO - 2025-06-03 14:29:34 --> Session: Class initialized using 'CodeIgniter\Session\Handlers\FileHandler' driver.
INFO - 2025-06-03 14:29:52 --> Session: Class initialized using 'CodeIgniter\Session\Handlers\FileHandler' driver.
INFO - 2025-06-03 14:29:52 --> Session: Class initialized using 'CodeIgniter\Session\Handlers\FileHandler' driver.
CRITICAL - 2025-06-03 14:31:48 --> ErrorException: Trying to access array offset on value of type null
[Method: GET, Route: actualiteDetail/16]
in APPPATH\Views\the_user\pages\actualites\actualiteDetail.php on line 6.
 1 APPPATH\Views\the_user\pages\actualites\actualiteDetail.php(6): CodeIgniter\Debug\Exceptions->errorHandler(2, 'Trying to access array offset on value of type null', 'C:\\xampp\\htdocs\\Asunicaco\\Backend\\app\\Views\\the_user\\pages\\actualites\\actualiteDetail.php', 6)
 2 SYSTEMPATH\View\View.php(234): include('C:\\xampp\\htdocs\\Asunicaco\\Backend\\app\\Views\\the_user\\pages\\actualites\\actualiteDetail.php')
 3 SYSTEMPATH\View\View.php(237): CodeIgniter\View\View->CodeIgniter\View\{closure}()
 4 SYSTEMPATH\Common.php(1171): CodeIgniter\View\View->render('the_user/pages/actualites/actualiteDetail', [], true)
 5 APPPATH\Views\the_user\layout.php(58): view('the_user/pages/actualites/actualiteDetail')
 6 SYSTEMPATH\View\View.php(234): include('C:\\xampp\\htdocs\\Asunicaco\\Backend\\app\\Views\\the_user\\layout.php')
 7 SYSTEMPATH\View\View.php(237): CodeIgniter\View\View->CodeIgniter\View\{closure}()
 8 SYSTEMPATH\Common.php(1171): CodeIgniter\View\View->render('the_user/layout', [], true)
 9 APPPATH\Controllers\TheUserPageController.php(83): view('the_user/layout', [...])
10 SYSTEMPATH\CodeIgniter.php(933): App\Controllers\TheUserPageController->actualiteDetail('16')
11 SYSTEMPATH\CodeIgniter.php(509): CodeIgniter\CodeIgniter->runController(Object(App\Controllers\TheUserPageController))
12 SYSTEMPATH\CodeIgniter.php(355): CodeIgniter\CodeIgniter->handleRequest(null, Object(Config\Cache), false)
13 SYSTEMPATH\Boot.php(312): CodeIgniter\CodeIgniter->run()
14 SYSTEMPATH\Boot.php(67): CodeIgniter\Boot::runCodeIgniter(Object(CodeIgniter\CodeIgniter))
15 FCPATH\index.php(56): CodeIgniter\Boot::bootWeb(Object(Config\Paths))
INFO - 2025-06-03 14:32:17 --> Session: Class initialized using 'CodeIgniter\Session\Handlers\FileHandler' driver.
INFO - 2025-06-03 14:32:41 --> Session: Class initialized using 'CodeIgniter\Session\Handlers\FileHandler' driver.
INFO - 2025-06-03 14:32:46 --> Session: Class initialized using 'CodeIgniter\Session\Handlers\FileHandler' driver.
CRITICAL - 2025-06-03 14:32:46 --> ErrorException: Undefined variable $University
[Method: GET, Route: dashboard]
in APPPATH\Views\the_admin\pages\actualites\liste.php on line 93.
 1 APPPATH\Views\the_admin\pages\actualites\liste.php(93): CodeIgniter\Debug\Exceptions->errorHandler(2, 'Undefined variable $University', 'C:\\xampp\\htdocs\\Asunicaco\\Backend\\app\\Views\\the_admin\\pages\\actualites\\liste.php', 93)
 2 SYSTEMPATH\View\View.php(234): include('C:\\xampp\\htdocs\\Asunicaco\\Backend\\app\\Views\\the_admin\\pages\\actualites\\liste.php')
 3 SYSTEMPATH\View\View.php(237): CodeIgniter\View\View->CodeIgniter\View\{closure}()
 4 SYSTEMPATH\Common.php(1171): CodeIgniter\View\View->render('the_admin/pages/actualites/liste', [], true)
 5 APPPATH\Views\the_user\layout.php(58): view('the_admin/pages/actualites/liste')
 6 SYSTEMPATH\View\View.php(234): include('C:\\xampp\\htdocs\\Asunicaco\\Backend\\app\\Views\\the_user\\layout.php')
 7 SYSTEMPATH\View\View.php(237): CodeIgniter\View\View->CodeIgniter\View\{closure}()
 8 SYSTEMPATH\Common.php(1171): CodeIgniter\View\View->render('the_user/layout', [], true)
 9 APPPATH\Controllers\dashboard.php(54): view('the_user/layout', [...])
10 SYSTEMPATH\CodeIgniter.php(933): App\Controllers\Dashboard->actualites()
11 SYSTEMPATH\CodeIgniter.php(509): CodeIgniter\CodeIgniter->runController(Object(App\Controllers\Dashboard))
12 SYSTEMPATH\CodeIgniter.php(355): CodeIgniter\CodeIgniter->handleRequest(null, Object(Config\Cache), false)
13 SYSTEMPATH\Boot.php(312): CodeIgniter\CodeIgniter->run()
14 SYSTEMPATH\Boot.php(67): CodeIgniter\Boot::runCodeIgniter(Object(CodeIgniter\CodeIgniter))
15 FCPATH\index.php(56): CodeIgniter\Boot::bootWeb(Object(Config\Paths))
INFO - 2025-06-03 14:32:57 --> Session: Class initialized using 'CodeIgniter\Session\Handlers\FileHandler' driver.
INFO - 2025-06-03 14:34:30 --> Session: Class initialized using 'CodeIgniter\Session\Handlers\FileHandler' driver.
INFO - 2025-06-03 14:34:30 --> Session: Class initialized using 'CodeIgniter\Session\Handlers\FileHandler' driver.
INFO - 2025-06-03 14:35:42 --> Session: Class initialized using 'CodeIgniter\Session\Handlers\FileHandler' driver.
INFO - 2025-06-03 14:36:26 --> Session: Class initialized using 'CodeIgniter\Session\Handlers\FileHandler' driver.
INFO - 2025-06-03 14:36:26 --> Session: Class initialized using 'CodeIgniter\Session\Handlers\FileHandler' driver.
INFO - 2025-06-03 14:38:18 --> Session: Class initialized using 'CodeIgniter\Session\Handlers\FileHandler' driver.
INFO - 2025-06-03 14:43:48 --> Session: Class initialized using 'CodeIgniter\Session\Handlers\FileHandler' driver.
INFO - 2025-06-03 14:43:48 --> Session: Class initialized using 'CodeIgniter\Session\Handlers\FileHandler' driver.
